subject,body,sender,label
Your order has been confirmed,Your Amazon order #123-456 for ₹1499 has been confirmed. Payment received via UPI.,order-update@amazon.in,EXPENSE
Payment receipt for subscription,Thank you for your payment of ₹999/month for Netflix. Your subscription is renewed.,no-reply@netflix.com,EXPENSE
Transaction alert: INR 2000 debited,Dear Customer your account has been debited INR 2000 for Swiggy order #987.,alerts@bank.com,EXPENSE
Receipt for Zomato order,Order delivered! Total paid: ₹350 via Paytm Wallet.,noreply@zomato.com,EXPENSE
Monthly EMI deducted,Your EMI of Rs. 5000 for loan account has been auto-debited successfully.,emi@hdfc.com,EXPENSE
Recharge successful,Your mobile recharge of ₹599 for 9876543210 is successful.,recharge@jio.com,EXPENSE
UPI payment confirmed,You have paid ₹1200 to merchant via UPI. Ref: 123456789.,upi@paytm.com,EXPENSE
Order shipped: delivery by tomorrow,Your Flipkart order worth ₹3499 has been shipped. Expected delivery tomorrow.,ship@flipkart.com,EXPENSE
Electricity bill paid,Your electricity bill payment of Rs 1840 for account 123456 is confirmed.,bills@bsesdelhi.com,EXPENSE
Credit card statement,Your HDFC credit card bill of ₹15432 is due on 10th. Minimum due: ₹775.,statement@hdfc.com,EXPENSE
Cab ride receipt,Your Uber ride receipt. Fare: ₹245. Payment method: Credit Card ending 1234.,receipt@uber.com,EXPENSE
Grocery order delivered,BigBasket order delivered. Amount paid: ₹1250 via debit card.,orders@bigbasket.com,EXPENSE
Medical bill receipt,Apollo Pharmacy order #5678. Total amount: ₹890. Payment received.,pharmacy@apollo.com,EXPENSE
Amazon Pay recharge done,Amazon Pay wallet recharged with ₹500 from your bank account.,amazonpay@amazon.in,EXPENSE
Swiggy Instamart order,Your grocery order from Swiggy Instamart. Total: ₹540. Paid via UPI.,noreply@swiggy.com,EXPENSE
Water bill paid,Delhi Jal Board water bill of ₹380 paid for consumer 9876543.,bills@djb.gov.in,EXPENSE
Tax payment receipt,Income tax advance payment of ₹25000 confirmed. Challan: 1234567.,noreply@incometax.gov.in,EXPENSE
Petrol pump receipt,HPCL fuel purchase: 15 litres. Total: ₹1620. Payment via credit card.,receipt@hpcl.com,EXPENSE
School fee receipt,Monthly fee of ₹4500 for April received. Student: Rohan Sharma.,fees@school.edu,EXPENSE
Freelance invoice paid,Payment of USD 500 received for project #2024-03.,payment@upwork.com,EXPENSE
Salary credited for March,Your salary for March has been credited to your bank account ending 4567.,hr@company.com,NOT_EXPENSE
GST invoice from vendor,GST Invoice No: INV-2024-056. Amount payable: ₹18500 + GST ₹3330.,accounts@vendor.co.in,EXPENSE
Office supplies order confirmation,Your order for stationery items from Amazon Business has been confirmed. Total: ₹2340.,business@amazon.in,EXPENSE
Platform fee charged,Marketplace platform fee of ₹450 charged to your seller account for March.,fees@marketplace.com,EXPENSE
Cashback received,Congratulations! ₹150 cashback credited to your PhonePe wallet for your recent purchase.,cashback@phonepe.com,EXPENSE
Late payment fee added,A late payment fee of ₹100 has been added to your credit card account.,cards@bank.com,EXPENSE
Fuel bill from company card,Corporate card transaction: Fuel purchase ₹2200 at HP petrol pump on 22 Mar.,corporate@bank.com,EXPENSE
AWS bill for March,Your AWS bill for March is ready. Total charges: $45.67. Due date: April 15.,billing@aws.amazon.com,EXPENSE
Domain renewal notice,Your domain example.com has been renewed for 1 year. Amount charged: ₹799.,billing@godaddy.com,EXPENSE
Courier charges paid,Blue Dart courier charges of ₹350 debited for shipment tracking 123456.,noreply@bluedart.com,EXPENSE
Dental checkup bill,Your dental appointment bill: ₹1500. Dr. Sharma Dental Clinic. Receipt attached.,billing@clinic.com,EXPENSE
SaaS subscription invoice,Invoice for Zoho CRM subscription. Plan: Professional. Amount: ₹2999/month.,billing@zoho.com,EXPENSE
Food delivery order paid,Your Dunzo order has been delivered. Total: ₹280 paid via card.,noreply@dunzo.com,EXPENSE
E-learning course purchased,You have enrolled in the Python Masterclass. Amount paid: ₹1499.,noreply@udemy.com,EXPENSE
Ola ride payment confirmed,Your Ola ride fare of ₹190 has been paid via Ola Money.,noreply@ola.com,EXPENSE
Conference registration paid,Payment of ₹5000 received for PyConIndia 2024 registration.,registration@pyconindia.org,EXPENSE
Printer ink ordered,Staples order confirmed. HP Ink Cartridge 2-pack: ₹890 charged to your card.,orders@staples.com,EXPENSE
Newspaper digital subscription,Your Hindu e-paper annual subscription of ₹999 has been activated.,subscription@thehindu.com,EXPENSE
EMI reminder for home loan,Your home loan EMI of ₹22000 will be auto-debited on 5th April from your account.,homeloan@sbi.com,EXPENSE
Your credit card bill is due on Mar 20,Your credit card bill of ₹4339.85 is due. Pay now to maintain your credit score. Total outstanding: ₹4339.85.,protect@cred.club,NOT_EXPENSE
Credit card bill due tomorrow!,Your Kotak credit card bill of ₹1445 is due tomorrow. Pay now to avoid late fees.,no-reply@kotak.com,NOT_EXPENSE
Credit card bill due in 5 days!,Your Kotak811 credit card bill of ₹350 is due in 5 days. Minimum amount due: ₹35.,no-reply@kotak.com,NOT_EXPENSE
Transaction alert for your ICICI Bank Credit Card,Your ICICI Bank Credit Card ending XX49 has been used for a transaction of INR 51.00 at UPI merchant.,credit_cards@icicibank.com,EXPENSE
Transaction alert for your ICICI Bank Credit Card,Your ICICI Bank Credit Card ending XX49 has been used for INR 700.00 at an online merchant. If not done by you call 1800-XXX.,credit_cards@icicibank.com,EXPENSE
Card transaction - successful,Your Kotak Bank Credit Card ••1949 was charged ₹210.00 at merchant. Available credit limit: ₹48500.,alerts@kotak.com,EXPENSE
New credit card bill generated!,Your Kotak811 credit card bill for the period Feb 18 - Mar 17 has been generated. Total amount due: ₹1679.00.,no-reply@kotak.com,NOT_EXPENSE
Transaction Successful,Your Kotak bank account has been debited for ₹10000.00. Transaction ID: TXN2026032219.,no-reply@kotak.com,EXPENSE
Payment of INR 10.00 successful,Your UPI payment of INR 10.00 to merchant was successful. UPI Ref: 123456789.,no-reply@kotak.com,EXPENSE
Payment received on your ICICI Bank Credit Card,We have received a payment of ₹4339.85 on your ICICI Bank Credit Card ending XX49. Thank you.,credit_cards@icicibank.com,EXPENSE
Planned automatic Credit Card payment,Your automatic credit card payment of $5.84 has been processed for your Contabo VPS subscription.,no-reply@contabo.com,EXPENSE
Card online transaction- Successful,Transaction of INR 553.32 successful on your Kotak debit card at online merchant. Ref: 456789.,alerts@kotak.com,EXPENSE
Transaction Success Alert MOTO/SI,Transaction of INR 199.00 via MOTO/SI on your Kotak card was successful. Merchant: Amazon.,alerts@kotak.com,EXPENSE
Payment successful for your Kotak neo account,Payment of ₹5000 has been successfully received for your Kotak neo trading account.,noreply@nmail.kotaksecurities.com,EXPENSE
Your Zerodha account statement,Your Zerodha trading account was debited ₹2500 for equity purchase. Contract note attached.,noreply@zerodha.com,EXPENSE
SIP installment debited,Your SIP installment of ₹3000 for Axis Bluechip Fund has been debited from your account.,sip@axismf.com,EXPENSE
PhonePe UPI payment,You paid ₹450 to Dominos Pizza via PhonePe UPI. Ref: UPI20260322.,noreply@phonepe.com,EXPENSE
Google Play purchase,You made a purchase of ₹129.00 on Google Play. Order ID: GPA.1234-5678.,payments-noreply@google.com,EXPENSE
Apple subscription renewed,Your iCloud+ 50GB plan has been renewed. Amount charged: ₹75.00 to your card.,no_reply@email.apple.com,EXPENSE
JioMart order delivered,Your JioMart grocery order has been delivered. Total: ₹870. Payment via JioPay.,orders@jiomart.com,EXPENSE
Razorpay payment receipt,Payment of ₹1500 to TechCorp via Razorpay was successful. Invoice attached.,noreply@razorpay.com,EXPENSE
ACT Fibernet bill paid,Your ACT Fibernet internet bill of ₹1199 for March has been paid. Next due: April 15.,billing@actcorp.in,EXPENSE
Tata Play DTH recharge,Your Tata Play DTH recharge of ₹400 is successful. Pack: Hindi Smart HD.,recharge@tataplay.com,EXPENSE
Myntra order confirmed,Your Myntra order for 2 items has been confirmed. Total: ₹1899. Paid via Kotak Credit Card.,orders@myntra.com,EXPENSE
Paytm postpaid bill,Your Paytm Postpaid bill of ₹2340 for March is due on April 5. Pay now.,billing@paytm.com,EXPENSE
Nykaa order shipped,Your Nykaa order #NK789 worth ₹1350 has been shipped. COD amount: ₹1350.,orders@nykaa.com,EXPENSE
SBI credit card transaction,INR 3200.00 spent on your SBI credit card at Croma Electronics. Avl limit: ₹46800.,alerts@sbi.co.in,EXPENSE
HDFC debit alert,Your HDFC savings account has been debited by ₹15000 via NEFT. Avl bal: ₹25400.,alerts@hdfcbank.com,EXPENSE
Airtel bill payment,Your Airtel postpaid bill of ₹749 has been paid via autopay from your bank account.,billing@airtel.in,EXPENSE
Meesho order confirmed,Your Meesho order for 3 items is confirmed. Total: ₹650. Prepaid via UPI.,orders@meesho.com,EXPENSE
Dunzo daily delivery,Your Dunzo Daily order has been delivered. Total: ₹180. Charged to wallet.,noreply@dunzo.com,EXPENSE
YES Bank transaction alert,INR 890.00 debited from your YES Bank account for POS purchase at DMart.,alerts@yesbank.in,EXPENSE
Groww mutual fund SIP,Your Groww SIP of ₹2000 in Parag Parikh Flexi Cap Fund has been processed.,noreply@groww.in,EXPENSE
Licious order delivered,Your Licious order has been delivered. Total: ₹520. Paid via PhonePe.,orders@licious.in,EXPENSE
CRED cashback earned,₹89 CRED cashback earned on your credit card bill payment of ₹4339.85.,rewards@cred.club,EXPENSE
FirstCry order confirmed,Your FirstCry order #FC456 for baby products has been confirmed. Total: ₹1299.,orders@firstcry.com,EXPENSE
Practo consultation payment,Payment of ₹500 for your online consultation with Dr. Mehta confirmed.,noreply@practo.com,EXPENSE
1mg pharmacy order,Your 1mg order for medicines has been placed. Total: ₹445. COD selected.,orders@1mg.com,EXPENSE
BSNL landline bill,Your BSNL landline bill of ₹650 for March is ready. Due date: April 10.,billing@bsnl.co.in,EXPENSE
Axis Bank auto-debit,Auto-debit of ₹3500 processed from your Axis Bank account for loan EMI.,alerts@axisbank.com,EXPENSE
FreshToHome order,Your FreshToHome seafood order worth ₹780 has been shipped. Delivery by tomorrow.,orders@freshtohome.com,EXPENSE
Google One storage plan,Your Google One 100GB plan renewed. ₹130/month charged to your GPay account.,payments-noreply@google.com,EXPENSE
Chai Point order,Your Chai Point order has been delivered. Total: ₹180. Paid via Paytm.,orders@chaipoint.com,EXPENSE
Kotak securities brokerage,Brokerage charge of ₹20 debited for your equity trade. Contract note: CN-2026-456.,noreply@kotaksecurities.com,EXPENSE
Flipkart Pay Later bill,Your Flipkart Pay Later bill of ₹2100 for February is due. Pay by March 15.,billing@flipkart.com,EXPENSE
Vi postpaid bill,Your Vi postpaid bill of ₹599 has been generated. Pay before March 25.,billing@myvi.in,EXPENSE
Spencer's Retail order,Your Spencer's grocery order worth ₹1430 has been delivered. Paid via credit card.,orders@spencers.in,EXPENSE
ICICI Prudential SIP,Your ICICI Prudential Balanced Advantage Fund SIP of ₹5000 has been processed successfully.,sip@icicipru.com,EXPENSE
Bajaj Finserv EMI,Your Bajaj Finserv No-Cost EMI of ₹2500 has been auto-debited from your account.,emi@bajajfinserv.in,EXPENSE
Ticket Received - Payment Related,Hi! We have received your request regarding payment. Our team is looking into this. Ticket ID: MDB-7892.,hello@medibuddy.in,NOT_EXPENSE
Ticket Resolved - Payment Related,Your ticket MDB-7892 has been resolved. If you still face issues please write back to us.,hello@medibuddy.in,NOT_EXPENSE
Re: Payment Related,Thank you for writing to us. We have processed your query. Please check the status in the app.,hello@medibuddy.in,NOT_EXPENSE
Credit Transaction Alert,Dear Customer an amount of Rs 25000 has been credited to your SBM Bank account via NEFT. Avl Bal: Rs 45000.,alerts@sbmbank.co.in,NOT_EXPENSE
Weekend sale — up to 70% off!,Flash sale this weekend only! Shop now for amazing deals. No purchase necessary.,deals@shop.com,NOT_EXPENSE
Meeting rescheduled to 3 PM,The product sync meeting has been moved from 2 PM to 3 PM today.,calendar@company.com,NOT_EXPENSE
Out-of-office reply,Thank you for your email. I am out of the office until March 28 with limited access.,auto-reply@company.com,NOT_EXPENSE
Confirm your email address,Please click the link to confirm your email address for your new account.,noreply@app.com,NOT_EXPENSE
Sports team results,Your cricket team won the match by 15 runs! Great game everyone.,league@sports.com,NOT_EXPENSE
App update available,A new version of our app is available. Update now for the latest features and bug fixes.,updates@app.com,NOT_EXPENSE
Your report is ready,The monthly analytics report you requested has been generated and is ready to view.,reports@analytics.com,NOT_EXPENSE
Project budget approval,The project budget of ₹50000 has been approved. Please proceed with procurement.,manager@company.com,NOT_EXPENSE
New GitHub issue assigned,Issue #789: Button alignment bug has been assigned to you in the frontend repo.,github@github.com,NOT_EXPENSE
Free trial expires soon,Your 30-day free trial of Adobe Creative Cloud ends in 3 days. Subscribe to continue.,noreply@adobe.com,NOT_EXPENSE
Sales pipeline update,Q1 sales pipeline update: 12 deals closed worth ₹45L total revenue.,crm@company.com,NOT_EXPENSE
Your CRED score has improved,Congratulations! Your CRED score has gone up by 15 points. You are now at 821.,updates@cred.club,NOT_EXPENSE
Account statement is ready,Your ICICI Bank monthly account statement for February is ready. Download from netbanking.,statements@icicibank.com,NOT_EXPENSE
Your FD has matured,Your Fixed Deposit of ₹100000 has matured. Total maturity value: ₹108500. Please choose renewal or withdrawal.,fd@sbi.co.in,NOT_EXPENSE
Interest credited to your account,Interest of ₹1250 has been credited to your savings account for the quarter ending March.,interest@hdfcbank.com,NOT_EXPENSE
CRED coins earned,You earned 5000 CRED coins for your recent bill payment. Redeem them in the CRED store.,rewards@cred.club,NOT_EXPENSE
E-mandate registration successful,Your e-mandate for SIP auto-debit has been registered successfully. No payment deducted yet.,noreply@bsestarmf.in,NOT_EXPENSE
Feedback on your recent order,How was your Zomato delivery experience? Rate your order and earn Zomato credits.,feedback@zomato.com,NOT_EXPENSE
Flight schedule changed,Your IndiGo flight 6E-1234 on March 28 has been rescheduled from 10:00 to 11:30 AM.,schedule@goindigo.in,NOT_EXPENSE
Income credited to wallet,₹500 cashback has been credited to your Amazon Pay balance. No purchase was made.,notifications@amazon.in,NOT_EXPENSE
Bus pass renewal reminder,Your BMTC monthly bus pass expires on March 31. Renew online to avoid inconvenience.,renewal@bmtc.gov.in,NOT_EXPENSE
Kotak trade confirmation,Trade executed: Bought 10 shares of Reliance at ₹2450. Total value: ₹24500. Brokerage: ₹20.,trades@kotaksecurities.com,EXPENSE
Upstox brokerage deducted,Brokerage of ₹40 has been deducted from your Upstox account for intraday trades on March 22.,noreply@upstox.com,EXPENSE
Amazon Fresh order,Your Amazon Fresh grocery order has been delivered. Total: ₹650. Paid via Amazon Pay balance.,fresh@amazon.in,EXPENSE
Paytm mall order confirmed,Your Paytm Mall order for Boat earbuds has been confirmed. Total: ₹999. Paid via Paytm wallet.,orders@paytmmall.com,EXPENSE
Gas pipeline bill,Your Mahanagar Gas bill of ₹850 for March has been generated. Due date: April 10.,billing@mahanagargas.com,EXPENSE
Postage charges for courier,India Post speed post charges of ₹120 debited for consignment EE123456789IN.,noreply@indiapost.gov.in,EXPENSE
Magazine subscription charged,Your India Today annual digital subscription of ₹999 has been renewed and charged.,subscriptions@indiatoday.in,EXPENSE
Eye checkup bill,Payment of ₹800 received for your eye examination at Lenskart Vision Care.,billing@lenskart.com,EXPENSE
Pet vaccination charges,Payment of ₹1500 for your pet's annual vaccination at Cessna Lifeline Vet Clinic.,billing@vetclinic.com,EXPENSE
Toll charges debited,Your Paytm FASTag was charged ₹145 at Kherki Daula toll plaza on NH-48.,fastag@paytm.com,EXPENSE
Music subscription renewed,Your JioSaavn Pro subscription of ₹399/year has been renewed. Enjoy ad-free music!,billing@jiosaavn.com,EXPENSE
Decathlon sports order,Your Decathlon order for running shoes has been confirmed. Total: ₹3499. Paid via UPI.,orders@decathlon.in,EXPENSE
PharmEasy medicine order,Your PharmEasy order for monthly medicines has been placed. Total: ₹680. Paid via wallet.,orders@pharmeasy.in,EXPENSE
Ather charging payment,Ather Grid charging session complete. ₹45 charged to your Ather account.,charging@ather.com,EXPENSE
EV charging station payment,Your Tata Power EZ Charge bill: ₹120 for 8kWh. Paid via Paytm.,billing@tatapowerez.com,EXPENSE
Home loan EMI processed,Your HDFC home loan EMI of ₹28000 has been deducted for March. Outstanding: ₹18.5L.,homeloan@hdfc.com,EXPENSE
Rent agreement stamp duty,Stamp duty of ₹500 paid for rental agreement registration via NoBroker.,charges@nobroker.in,EXPENSE
Courier insurance charge,Delhivery shipping insurance of ₹50 charged for your Meesho order.,charges@delhivery.com,EXPENSE
Amazon Subscribe and Save,Your Subscribe and Save order has been placed. 5 items totaling ₹1890. Next delivery April 15.,subscribe@amazon.in,EXPENSE
Swiggy Genie delivery,Your Swiggy Genie package delivery completed. Charges: ₹69. Paid via Swiggy wallet.,noreply@swiggy.com,EXPENSE
Boat warranty extension,Extended warranty purchased for Boat Airdopes. Amount: ₹299 charged to card.,orders@boat-lifestyle.com,EXPENSE
LensDen contact lens order,Your LensDen contact lens order has been confirmed. Total: ₹1200. Shipped in 2 days.,orders@lensden.com,EXPENSE
Noise smartwatch order,Your Noise ColorFit Pro 5 order confirmed. Amount: ₹3499. Paid via PhonePe.,orders@gonoise.com,EXPENSE
Byju's subscription renewal,Your Byju's learning subscription has been renewed. Monthly charge: ₹1999.,billing@byjus.com,EXPENSE
IndiaMART payment for leads,Your IndiaMART lead purchase pack payment of ₹5000 has been processed.,billing@indiamart.com,EXPENSE
WazirX crypto purchase,You bought 0.005 BTC for ₹25000 on WazirX. Transaction fee: ₹50.,noreply@wazirx.com,EXPENSE
Angel One brokerage,Brokerage of ₹20 charged for your F&O trade on Angel One. Contract note attached.,trades@angelone.in,EXPENSE
ICICI Bank locker rental,Annual locker rental charge of ₹3500 debited from your ICICI Bank account.,charges@icicibank.com,EXPENSE
Passport fee payment,Passport application fee of ₹1500 has been paid online. Application ID: PA-2026-789.,receipts@passportindia.gov.in,EXPENSE
Apollo 247 teleconsultation,Payment of ₹299 for teleconsultation with Dr. Patel on Apollo 247 confirmed.,billing@apollo247.com,EXPENSE
Udaan wholesale order,Your Udaan wholesale order for office supplies shipped. Total: ₹8900. Net 30 payment.,orders@udaan.com,EXPENSE
Country Delight milk subscription,Your Country Delight monthly milk bill: ₹1200. Auto-deducted from wallet.,billing@countrydelight.in,EXPENSE
IRCTC food order on train,Your IRCTC e-catering order confirmed. Delivery at Kanpur station. Total: ₹350.,ecatering@irctc.co.in,EXPENSE
TDS deducted on FD interest,TDS of ₹1500 has been deducted on your Fixed Deposit interest for Q4 FY26.,tds@sbi.co.in,EXPENSE
Property tax payment,Municipal corporation property tax payment of ₹8500 for FY 2026-27 confirmed.,receipts@mcgm.gov.in,EXPENSE
Unacademy subscription,Your Unacademy Plus subscription renewed. ₹1166/month charged.,billing@unacademy.com,EXPENSE
IT department notice,Please submit your tax saving investment proofs by March 31 to avail deductions.,finance@company.com,NOT_EXPENSE
Pet adoption event,Adopt a furry friend! Pet adoption drive at Cubbon Park this Saturday 10 AM - 4 PM.,events@paws.org,NOT_EXPENSE
Weekly newsletter: Tech trends,"This week in technology: AI breakthroughs, new gadgets, and industry news. Read more on our blog.",newsletter@techweekly.com,NOT_EXPENSE
Your order has shipped,Your Amazon order #123-456789 has been shipped. Track your package with the link below.,shipping@amazon.in,NOT_EXPENSE
Welcome to our community,Welcome! We're excited to have you join our community. Complete your profile to get started.,welcome@community.com,NOT_EXPENSE
Password reset link,Someone requested a password reset for your account. Click here if this was you.,security@app.com,NOT_EXPENSE
New feature announcement,We've launched a new feature! Watch our video tutorial to learn how it works.,product@company.com,NOT_EXPENSE
Survey invitation,Help us improve! Take our 2-minute survey about your recent experience.,survey@feedback.com,NOT_EXPENSE
Event reminder: Webinar tomorrow,Don't forget! Join our webinar on Industry Trends tomorrow at 3 PM IST.,events@webinar.com,NOT_EXPENSE
Your subscription is active,Your free subscription is active. Upgrade to premium for more features.,info@service.com,NOT_EXPENSE
New blog post published,New article: '10 Tips for Productivity'. Read it now on our blog.,blog@company.com,NOT_EXPENSE
Account verification needed,Please verify your email address to continue using our service.,verify@app.com,NOT_EXPENSE
Job opportunity alert,"Based on your profile, we found 3 job openings that match your skills.",jobs@careers.com,NOT_EXPENSE
System maintenance notice,Scheduled maintenance on Sunday 2-4 AM. Services may be temporarily unavailable.,admin@platform.com,NOT_EXPENSE
Weekly digest: Top stories,"Top 5 stories this week: Technology, Business, and more. Click to read.",digest@news.com,NOT_EXPENSE
Your profile was viewed,Your LinkedIn profile was viewed by 5 recruiters this week.,notifications@linkedin.com,NOT_EXPENSE
New follower on social media,You have a new follower! Check out their profile.,notification@social.com,NOT_EXPENSE
Review your recent activity,Here's your weekly activity summary on our platform.,summary@service.com,NOT_EXPENSE
Invite: Company town hall,Join us for the Q1 company town hall meeting this Friday at 4 PM.,events@company.com,NOT_EXPENSE
Free course available,Enroll in our free course: 'Introduction to Data Science'. Limited spots available.,courses@learning.com,NOT_EXPENSE
Your feedback is valuable,Thank you for your feedback! We've incorporated your suggestions.,support@service.com,NOT_EXPENSE
Podcast episode released,New episode: 'The Future of Work' is now available. Listen now!,podcast@studio.com,NOT_EXPENSE
Update your preferences,Manage your email preferences. Choose which updates you want to receive.,preferences@mailer.com,NOT_EXPENSE
Happy holidays from the team,Wishing you and your family a happy holiday season!,greetings@company.com,NOT_EXPENSE
You're invited: Beta program,Join our exclusive beta program and get early access to new features.,beta@product.com,NOT_EXPENSE
Security alert: New login,We detected a new login to your account from a new device. Was this you?,security@platform.com,NOT_EXPENSE
Your report is ready,Your monthly report is ready to download. Click the link below.,reports@analytics.com,NOT_EXPENSE
Community guidelines updated,We've updated our community guidelines. Please review the changes.,policy@platform.com,NOT_EXPENSE
New product announcement,Introducing our latest product! Learn more about its features.,launch@company.com,NOT_EXPENSE
Meeting scheduled,Your meeting with the sales team is scheduled for Tuesday at 2 PM.,calendar@company.com,NOT_EXPENSE
Account expiration warning,Your account will expire in 30 days. Renew now to continue using our service.,billing@service.com,NOT_EXPENSE
You've been mentioned,Someone mentioned you in a comment. Click to view.,notification@platform.com,NOT_EXPENSE
Weekly goals update,Here's your weekly goals progress. You're on track!,goals@productivity.com,NOT_EXPENSE
New badge earned,Congratulations! You've earned the 'Early Adopter' badge.,achievements@platform.com,NOT_EXPENSE
Support ticket resolved,Your support ticket #12345 has been resolved. Let us know if you need more help.,support@company.com,NOT_EXPENSE
Invitation: Team event,You're invited to our team building event next Friday at 5 PM.,events@company.com,NOT_EXPENSE
Your data export is ready,Your data export request is complete. Download your file before it expires.,data@platform.com,NOT_EXPENSE
New feature: Dark mode,Dark mode is now available! Update your settings to try it out.,product@company.com,NOT_EXPENSE
Quarterly newsletter,Q1 Newsletter: Top highlights and updates from our team.,newsletter@company.com,NOT_EXPENSE
Your subscription will expire,Your subscription expires in 7 days. Renew to continue uninterrupted service.,renewal@service.com,NOT_EXPENSE
Weekly challenge started,This week's challenge: Complete 5 tasks. Win exclusive rewards!,challenges@platform.com,NOT_EXPENSE
API documentation updated,We've updated our API documentation with new endpoints and examples.,docs@developer.com,NOT_EXPENSE
You're trending!,Your post is trending! It has received 500+ views in the last hour.,notification@platform.com,NOT_EXPENSE
Learning path recommended,"Based on your interests, we recommend the 'Data Science' learning path.",recommendations@learning.com,NOT_EXPENSE
Free trial extension,We've extended your free trial by 7 days. Enjoy exploring!,promo@service.com,NOT_EXPENSE
Your question was answered,Your question on the community forum has been answered by an expert.,forum@community.com,NOT_EXPENSE
New connection request,You have a new connection request on our professional network.,network@platform.com,NOT_EXPENSE
Weekly leaderboard updated,Check out this week's top performers. Are you on the list?,leaderboard@platform.com,NOT_EXPENSE
Your wishlist has a price drop,An item in your wishlist is now 20% off. Limited time offer!,deals@shopping.com,NOT_EXPENSE
Conference registration open,Register for our annual conference. Early bird discounts available.,events@conference.com,NOT_EXPENSE
Your session was saved,Your work session was automatically saved. No data lost.,system@productivity.com,NOT_EXPENSE
New template available,We've added 5 new templates to help you work faster. Try them now!,templates@productivity.com,NOT_EXPENSE
Achievement unlocked,You've unlocked a new achievement: '100 Day Streak'. Keep it up!,achievements@platform.com,NOT_EXPENSE
Monthly summary ready,Your monthly activity summary is ready. View your progress and insights.,summary@platform.com,NOT_EXPENSE
You've been featured,Your work has been featured in our 'Spotlight' section this week!,editorial@platform.com,NOT_EXPENSE
New collaboration tools,Explore our new collaboration features for teams. Work together seamlessly.,product@company.com,NOT_EXPENSE
Your feedback helped improve us,"Thanks to your feedback, we've improved our service. Here's what's new.",product@company.com,NOT_EXPENSE
Upcoming webinar series,Join our 3-part webinar series on industry trends. Free registration.,webinars@learning.com,NOT_EXPENSE
Your storage is almost full,Your cloud storage is 90% full. Upgrade now for more space.,storage@cloud.com,NOT_EXPENSE
New mobile app update,Version 2.5 is now available. Download for bug fixes and new features.,app@company.com,NOT_EXPENSE
You're on a winning streak,You've won 5 challenges in a row! Keep up the great work.,challenges@platform.com,NOT_EXPENSE
Invitation: User group meetup,Join our local user group meetup this Saturday. Network and learn!,meetups@community.com,NOT_EXPENSE
Your insights were shared,Your insights were shared in our weekly newsletter. Thanks for contributing!,newsletter@platform.com,NOT_EXPENSE
New integration available,We've added integration with popular apps. Connect your accounts now.,integrations@platform.com,NOT_EXPENSE
Your contribution was appreciated,Your contribution to our open source project has been appreciated by the community.,opensource@company.com,NOT_EXPENSE
Weekly goals completed,Congratulations! You've completed all your weekly goals.,goals@productivity.com,NOT_EXPENSE
New learning resources,We've added 20 new tutorials to our learning center. Start learning today!,learning@education.com,NOT_EXPENSE
Your profile is complete,Your profile is now 100% complete! You're all set to get started.,onboarding@platform.com,NOT_EXPENSE
Security best practices,Read our latest article on security best practices to protect your account.,security@platform.com,NOT_EXPENSE
You've reached a milestone,Congratulations! You've completed 100 tasks on our platform.,milestones@platform.com,NOT_EXPENSE
New feature request received,Thank you for your feature request! We've added it to our roadmap.,feedback@company.com,NOT_EXPENSE
Weekly digest: Community highlights,Top community posts this week. Join the conversation!,digest@community.com,NOT_EXPENSE
Your subscription is active,Your annual subscription is active until December 2026.,subscription@service.com,NOT_EXPENSE
New research paper published,Our team published a new research paper on AI ethics. Read the abstract.,research@company.com,NOT_EXPENSE
You're invited: Beta testing,Be among the first to test our new features. Join the beta program.,beta@product.com,NOT_EXPENSE
Your workspace is ready,Your new workspace has been created. Start collaborating with your team.,workspace@platform.com,NOT_EXPENSE
Weekly tips for productivity,Here are 5 tips to boost your productivity this week.,tips@productivity.com,NOT_EXPENSE
New podcast episode,Episode 42: 'Building Great Teams' is now available. Listen on your favorite app.,podcast@studio.com,NOT_EXPENSE
Your question was featured,Your question on our Q&A forum has been featured this week.,forum@community.com,NOT_EXPENSE
Achievement unlocked: First contribution,Congratulations on your first contribution to our community!,achievements@platform.com,NOT_EXPENSE
New collaboration features,We've launched real-time collaboration. Work together with your team.,product@company.com,NOT_EXPENSE
Your progress report is ready,View your monthly progress report with detailed analytics.,reports@platform.com,NOT_EXPENSE
Weekly challenge winner,Congratulations! You're this week's challenge winner.,challenges@platform.com,NOT_EXPENSE
New integration with popular tools,"We've added integration with Slack, Teams, and Zoom. Connect now!",integrations@platform.com,NOT_EXPENSE
Your feedback made a difference,Your feedback led to 3 new features in our latest update.,product@company.com,NOT_EXPENSE
Invitation: Virtual meetup,Join our virtual meetup this Thursday. Topic: Industry Trends.,events@community.com,NOT_EXPENSE
Your content was shared,Your content has been shared 100+ times this week. Great job!,viral@platform.com,NOT_EXPENSE
New learning path: Advanced,We've launched an advanced learning path for experienced users.,learning@education.com,NOT_EXPENSE
Your streak continues,You're on a 30-day streak! Keep the momentum going.,streak@platform.com,NOT_EXPENSE
New community guidelines,We've updated our community guidelines. Please review before posting.,policy@community.com,NOT_EXPENSE
Your subscription will renew,Your subscription will automatically renew on April 1. Cancel if needed.,billing@service.com,NOT_EXPENSE
You've earned a badge,You've earned the 'Community Helper' badge. Wear it with pride!,achievements@platform.com,NOT_EXPENSE
New feature announcement,We've launched dark mode across all our apps. Update now to try it!,launch@company.com,NOT_EXPENSE
Your workspace settings,Review and update your workspace settings for better collaboration.,settings@platform.com,NOT_EXPENSE
Weekly digest: Top creators,Meet our top creators this week. Get inspired by their work.,digest@community.com,NOT_EXPENSE
New API endpoints,We've added 10 new API endpoints to our developer portal.,docs@developer.com,NOT_EXPENSE
Your account security,Review your account security settings. 2FA is recommended.,security@platform.com,NOT_EXPENSE
You've been recommended,Our algorithm recommends checking out these trending posts.,recommendations@platform.com,NOT_EXPENSE
New templates library,Browse our expanded templates library with 50+ new designs.,templates@productivity.com,NOT_EXPENSE
Your weekly achievements,Here are your achievements for this week. You're doing great!,achievements@platform.com,NOT_EXPENSE
New integration announced,We've partnered with leading cloud providers. Integrate now!,partnerships@company.com,NOT_EXPENSE
Your content performance,Your content has performed 20% better this week. Keep it up!,analytics@platform.com,NOT_EXPENSE
New community event,Join our monthly community showcase. Present your work!,events@community.com,NOT_EXPENSE
Your subscription benefits,Explore all the benefits included in your subscription.,benefits@service.com,NOT_EXPENSE
Weekly challenge: Creative,This week's creative challenge: Design a logo. Submit your entry!,challenges@platform.com,NOT_EXPENSE
New feature: Voice notes,You can now add voice notes to your projects. Try it out!,product@company.com,NOT_EXPENSE
Your network is growing,You've gained 25 new followers this week. Expand your reach!,network@platform.com,NOT_EXPENSE
New research publication,Our research team published a paper on machine learning. Read now.,research@company.com,NOT_EXPENSE
Your privacy settings,Review and update your privacy settings. Your data matters to us.,privacy@platform.com,NOT_EXPENSE
Weekly newsletter: Innovation,This week's focus: Innovation in tech. Read the latest insights.,newsletter@techweekly.com,NOT_EXPENSE
Invoice #7890,Please find attached invoice for INR 8500 for web development services completed in March.,billing@webdev.com,EXPENSE
Amazon order confirmed,Your order #234-567 for ₹2899 has been shipped. Expected delivery: March 25.,ship-confirm@amazon.in,EXPENSE
Spotify subscription renewed,Your Spotify Premium subscription has been renewed. ₹119/month charged to your card.,no-reply@spotify.com,EXPENSE
Bank debit alert,INR 3500 debited from your account via UPI to Swiggy Foods. Ref: UPI123456789.,alerts@hdfcbank.com,EXPENSE
Hotel booking confirmed,Your booking at Taj Palace confirmed for 2 nights. Total: ₹18500. Check-in: March 30.,bookings@tajhotels.com,EXPENSE
Zomato order receipt,Order delivered! Total paid: ₹420 via Paytm. Restaurant: Pizza Hut.,receipt@zomato.com,EXPENSE
Home loan EMI deducted,Your home loan EMI of ₹32000 has been auto-debited. Account: HL-2024-789.,emi@icicibank.com,EXPENSE
Jio recharge successful,Your prepaid recharge of ₹299 for 9876543210 is successful. Validity: 28 days.,recharge@jio.com,EXPENSE
UPI payment confirmed,You paid ₹850 to Uber via UPI. Ride ID: UBER987654.,payment@gpay.com,EXPENSE
Flipkart order shipped,Your order #FL789 for ₹4500 has been shipped. Delivery by March 26.,shipping@flipkart.com,EXPENSE
Electricity bill payment,Your MSEDCL bill of ₹2100 for March is paid. Due date: March 25.,payments@mahadiscom.in,EXPENSE
Car insurance premium,Your car insurance premium of ₹14500 is due on April 5. Policy: CAR-2024-123.,renewal@bhartiaxa.com,EXPENSE
Credit card payment,Your HDFC credit card payment of ₹25000 is processed. Card ending 4567.,cards@hdfcbank.com,EXPENSE
Uber ride receipt,Uber ride complete. Fare: ₹180. Payment via Paytm. Ride ID: RIDE123456.,receipts@uber.com,EXPENSE
Oyo room booking,Oyo booking confirmed at Hotel Sunrise for 1 night. Total: ₹1200. Check-in: March 28.,bookings@oyorooms.com,EXPENSE
Gym membership fee,Your FitPath gym membership fee of ₹2400 is due for April. Renew to continue.,billing@fitpath.com,EXPENSE
BigBasket order delivered,Your grocery order worth ₹1800 has been delivered. Paid via credit card.,orders@bigbasket.com,EXPENSE
Medical bill payment,Apollo Pharmacy order #7890. Total: ₹560. Payment received via UPI.,billing@apollo.com,EXPENSE
Airtel broadband bill,Your Airtel broadband bill of ₹999 for March is paid. Due date: April 10.,billing@airtel.in,EXPENSE
Mutual fund SIP,Your SIP of ₹5000 in HDFC Equity Fund has been processed. NAV: ₹45.67.,sip@hdfcfund.com,EXPENSE
BookMyShow tickets,"2 tickets for Avengers movie booked. Total: ₹900. Show: March 29, 7 PM.",tickets@bookmyshow.com,EXPENSE
Amazon Pay balance,You added ₹1000 to Amazon Pay balance from bank account.,amazonpay@amazon.in,EXPENSE
Swiggy Instamart,Your grocery order from Swiggy Instamart. Total: ₹380. Paid via GPay.,orders@swiggy.com,EXPENSE
FASTag debit,Your FASTag account debited ₹95 at Kherki Daula toll plaza. Balance: ₹450.,fastag@icicibank.com,EXPENSE
Water bill paid,Delhi Jal Board water bill of ₹320 paid for consumer 9876543.,payments@djb.gov.in,EXPENSE
Netflix subscription,Your Netflix Premium subscription renewed. ₹649/month charged to card.,no-reply@netflix.com,EXPENSE
Income tax payment,Advance tax payment of ₹35000 confirmed. Challan: 2345678.,noreply@incometax.gov.in,EXPENSE
Fuel purchase,HPCL fuel purchase: 12 litres. Total: ₹1350. Payment via debit card.,receipt@hpcl.com,EXPENSE
School fee payment,Tuition fee of ₹3500 for April received. Student: Amit Sharma.,fees@davschool.edu,EXPENSE
Freelance payment,Payment of USD 300 received for project #2024-04. Converted to ₹24750.,payment@upwork.com,EXPENSE
GST invoice,GST Invoice #INV-2024-089. Amount: ₹25000 + GST ₹4500.,invoices@techvendor.co.in,EXPENSE
Office supplies,Your order for office supplies from Amazon Business is confirmed. Total: ₹1800.,business@amazon.in,EXPENSE
International transfer,Wire transfer of USD 800 sent to account ending 6789. Ref: TXN20260324.,wire@sbi.co.in,EXPENSE
Platform fee,Marketplace platform fee of ₹290 charged to your seller account.,fees@flipkart.com,EXPENSE
Cashback received,₹120 PhonePe cashback credited for your recent Amazon purchase.,rewards@phonepe.com,EXPENSE
Late fee charged,Late payment fee of ₹75 added to your credit card bill.,fees@icicibank.com,EXPENSE
Corporate card expense,Corporate card transaction: ₹1800 at Petrol pump on March 24.,corporate@hdfcbank.com,EXPENSE
AWS invoice,Your AWS bill for March: $32.50. EC2 instances: 2. Due: April 15.,billing@aws.amazon.com,EXPENSE
Domain renewal,Your domain mywebsite.com renewed for 1 year. ₹599 charged.,billing@godaddy.com,EXPENSE
Co-working invoice,Invoice for WeWork desk booking. March: ₹7500. GST included.,billing@wework.com,EXPENSE
Courier charges,Delhivery courier charges of ₹180 for shipment #DEL123456.,noreply@delhivery.com,EXPENSE
Dental bill,Dental consultation fee: ₹1200. Dr. Mehta Dental Clinic.,billing@mehtaclinic.com,EXPENSE
SaaS subscription,Invoice for Slack Pro. Plan: Standard. ₹925/month per user.,billing@slack.com,EXPENSE
Food delivery,Your Dunzo order delivered. Total: ₹220 paid via UPI.,orders@dunzo.com,EXPENSE
Online course,You enrolled in 'Python for Data Science'. Amount: ₹1999.,noreply@coursera.com,EXPENSE
Ola cab ride,Ola ride fare: ₹150 paid via Ola Money. Ride ID: OLA987654.,noreply@ola.com,EXPENSE
Conference fee,Payment of ₹8000 for DevOps India Conference 2024 received.,registration@devopsconf.com,EXPENSE
Printer supplies,HP printer ink cartridge 2-pack ordered. ₹1200 charged to card.,orders@hp.com,EXPENSE
News subscription,The Hindu annual subscription of ₹999 activated.,subscription@thehindu.com,EXPENSE
Personal loan EMI,Your personal loan EMI of ₹8500 auto-debited on March 25.,emi@axisbank.com,EXPENSE
Credit card bill,Your ICICI credit card bill of ₹8750 is due on April 10.,statement@icicibank.com,EXPENSE
Card transaction,Your ICICI Bank Credit Card ending XX67 charged ₹320 at merchant.,alerts@icicibank.com,EXPENSE
Transaction alert,ICICI Bank Credit Card used for ₹1200 at online merchant.,credit_cards@icicibank.com,EXPENSE
Debit alert,Your HDFC savings account debited ₹25000 via NEFT. Balance: ₹45000.,alerts@hdfcbank.com,EXPENSE
Kotak debit,Kotak account debited ₹5000. Transaction ID: TXN2026032501.,alerts@kotak.com,EXPENSE
UPI payment,UPI payment of ₹450 to Zomato successful. Ref: UPI987654321.,upi@paytm.com,EXPENSE
Card payment,Credit card payment of ₹4339.85 received. Thank you.,credit_cards@icicibank.com,EXPENSE
Auto debit,Automatic payment of $8.99 processed for Netflix subscription.,no-reply@netflix.com,EXPENSE
Online transaction,INR 890 successful on Kotak debit card at online merchant.,alerts@kotak.com,EXPENSE
MOTO payment,INR 249 via MOTO/SI on Kotak card. Merchant: Flipkart.,alerts@kotak.com,EXPENSE
Trading account,Payment of ₹10000 received for Kotak trading account.,noreply@kotaksecurities.com,EXPENSE
Dividend credited,Dividend of ₹350 per share credited to your bank account.,dividend@in.mpms.mufg.com,EXPENSE
Zerodha debit,Zerodha trading account debited ₹5000 for equity purchase.,noreply@zerodha.com,EXPENSE
SIP auto-debit,SIP of ₹2500 for Axis Bluechip Fund debited.,sip@axismf.com,EXPENSE
PhonePe payment,Paid ₹280 to Swiggy via PhonePe UPI. Ref: UPI2026032501.,noreply@phonepe.com,EXPENSE
Google Play,Purchase of ₹89 on Google Play. Order: GPA.1234-5678.,payments-noreply@google.com,EXPENSE
Apple subscription,iCloud+ 50GB plan renewed. ₹75 charged to card.,no-reply@email.apple.com,EXPENSE
Rapido ride,Rapido bike ride complete. Fare: ₹35 paid via UPI.,noreply@rapido.bike,EXPENSE
JioMart order,JioMart grocery order delivered. Total: ₹650 via JioPay.,orders@jiomart.com,EXPENSE
LPG booking,Indane LPG cylinder booking confirmed. ₹903. Booking: HP987654.,noreply@indianoil.in,EXPENSE
Razorpay payment,Payment of ₹2500 to VendorX via Razorpay successful.,noreply@razorpay.com,EXPENSE
ACT Fibernet,ACT Fibernet bill of ₹1199 for March paid. Due: April 15.,billing@actcorp.in,EXPENSE
Tata Play,Tata Play DTH recharge ₹400 successful. Pack: Hindi Smart HD.,recharge@tataplay.com,EXPENSE
Insurance premium,Term life insurance premium ₹9500 auto-debited. Policy: LI-2024-890.,premium@licindia.in,EXPENSE
Myntra order,"Myntra order confirmed. 3 items, total ₹2400 via credit card.",orders@myntra.com,EXPENSE
IRCTC ticket,Train ticket booked. PNR: 3456789012. Fare: ₹890. Class: 2A.,irctc@irctc.co.in,EXPENSE
Paytm Postpaid,Paytm Postpaid bill ₹1800 due April 5. Pay now.,billing@paytm.com,EXPENSE
Urban Company,Payment of ₹450 for AC service booking confirmed.,noreply@urbancompany.com,EXPENSE
Nykaa shipped,Nykaa order #NK890 worth ₹980 shipped. COD: ₹980.,orders@nykaa.com,EXPENSE
Cult.fit,Cult.fit membership renewed. ₹1499/month charged.,billing@curefit.com,EXPENSE
SBI card,INR 2800 spent on SBI credit card at Croma. Limit: ₹47000.,alerts@sbi.co.in,EXPENSE
Airtel bill,Airtel postpaid bill ₹699 paid via autopay.,billing@airtel.in,EXPENSE
Meesho order,"Meesho order confirmed. 2 items, total ₹450 via UPI.",orders@meesho.com,EXPENSE
Dunzo Daily,Dunzo Daily order delivered. Total: ₹150 charged to wallet.,noreply@dunzo.com,EXPENSE
YES Bank,INR 650 debited from YES Bank for DMart purchase.,alerts@yesbank.in,EXPENSE
Groww SIP,Groww SIP of ₹3000 in Parag Parikh Flexi Cap processed.,noreply@groww.in,EXPENSE
Licious order,Licious order delivered. Total: ₹420 via PhonePe.,orders@licious.in,EXPENSE
CRED cashback,₹75 CRED cashback on credit card payment of ₹4500.,rewards@cred.club,EXPENSE
FirstCry order,FirstCry order #FC567 for baby products confirmed. ₹899.,orders@firstcry.com,EXPENSE
Practo payment,Payment of ₹350 for online consultation with Dr. Sharma.,noreply@practo.com,EXPENSE
1mg order,1mg medicine order placed. Total: ₹380. COD selected.,orders@1mg.com,EXPENSE
BSNL landline,BSNL landline bill ₹550 for March ready. Due: April 10.,billing@bsnl.co.in,EXPENSE
Axis auto-debit,Auto-debit of ₹4500 processed for loan EMI.,alerts@axisbank.com,EXPENSE
FreshToHome,FreshToHome order worth ₹590 shipped. Delivery tomorrow.,orders@freshtohome.com,EXPENSE
Google One,Google One 100GB plan renewed. ₹130/month to GPay.,payments-noreply@google.com,EXPENSE
PVR tickets,PVR ticket confirmed. 2 tickets: ₹600. Show: 6 PM.,tickets@pvrcinemas.com,EXPENSE
Chai Point,Chai Point order delivered. Total: ₹150 via Paytm.,orders@chaipoint.com,EXPENSE
SBI Life,SBI Life insurance premium ₹10500 for policy SL-890 deducted.,premium@sbilife.co.in,EXPENSE
Kotak brokerage,Brokerage charge ₹25 for equity trade. Contract: CN-2026-890.,noreply@kotaksecurities.com,EXPENSE
Flipkart Pay Later,Flipkart Pay Later bill ₹1800 due March 20.,billing@flipkart.com,EXPENSE
Vi bill,Vi postpaid bill ₹499 generated. Pay before March 28.,billing@myvi.in,EXPENSE
Spencer's,Spencer's grocery order ₹1280 delivered via credit card.,orders@spencers.in,EXPENSE
Cleartrip,Cleartrip booking confirmed. Hotel Park View 2 nights. ₹5800.,bookings@cleartrip.com,EXPENSE
ICICI SIP,ICICI Prudential SIP of ₹4000 processed successfully.,sip@icicipru.com,EXPENSE
Bajaj EMI,Bajaj Finserv EMI of ₹1800 auto-debited from account.,emi@bajajfinserv.in,EXPENSE
Amazon Prime,Amazon Prime renewed. ₹1499 charged to card.,prime@amazon.in,EXPENSE
Kotak trade,Trade executed: 15 shares Reliance at ₹2480. Total ₹37200.,trades@kotaksecurities.com,EXPENSE
Upstox,Brokerage ₹35 deducted for intraday trades on March 25.,noreply@upstox.com,EXPENSE
Amazon Fresh,Amazon Fresh grocery delivered. Total: ₹890 via Amazon Pay.,fresh@amazon.in,EXPENSE
Paytm Mall,Paytm Mall order for earbuds confirmed. ₹1299 via wallet.,orders@paytmmall.com,EXPENSE
HDFC annual fee,HDFC credit card annual fee ₹500 applied to Regalia card.,cards@hdfcbank.com,EXPENSE
Gas bill,Mahanagar Gas bill ₹780 for March generated. Due: April 10.,billing@mahanagargas.com,EXPENSE
Society maintenance,Monthly society maintenance ₹6500 debited.,accounts@society.com,EXPENSE
India Post,Speed post charges ₹95 for consignment EE987654321IN.,noreply@indiapost.gov.in,EXPENSE
DigitalOcean,DigitalOcean bill March: $18.00. Droplet 720 hours.,billing@digitalocean.com,EXPENSE
Magazine,India Today digital subscription ₹899 renewed.,subscriptions@indiatoday.in,EXPENSE
NoBroker rent,Monthly rent ₹20000 transferred via NoBroker Pay.,payments@nobroker.in,EXPENSE
Lenskart,Eye exam payment ₹650 at Lenskart Vision Care.,billing@lenskart.com,EXPENSE
Pet vaccination,Pet vaccination ₹1200 at Cessna Vet Clinic.,billing@vetclinic.com,EXPENSE
UClean,Laundry order ₹280 picked up. Payment via UPI.,noreply@uclean.in,EXPENSE
Paytm FASTag,Paytm FASTag charged ₹120 at toll plaza on NH-48.,fastag@paytm.com,EXPENSE
JioSaavn,JioSaavn Pro subscription ₹399/year renewed.,billing@jiosaavn.com,EXPENSE
Decathlon,Decathlon sports shoes confirmed. ₹2499 via UPI.,orders@decathlon.in,EXPENSE
Pepperfry,Pepperfry bookshelf delivered. ₹3500 via credit card.,orders@pepperfry.com,EXPENSE
PharmEasy,PharmEasy medicine order placed. ₹550 via wallet.,orders@pharmeasy.in,EXPENSE
Ather,Ather Grid charging complete. ₹35 charged to account.,charging@ather.com,EXPENSE
Tata Power,Tata Power EZ Charge bill: ₹95 for 7kWh via Paytm.,billing@tatapowerez.com,EXPENSE
Home loan EMI,HDFC home loan EMI ₹30000 deducted for March.,homeloan@hdfc.com,EXPENSE
NoBroker stamp duty,Stamp duty ₹450 for rental agreement via NoBroker.,charges@nobroker.in,EXPENSE
Delhivery insurance,Shipping insurance ₹65 charged for Meesho order.,charges@delhivery.com,EXPENSE
Amazon Subscribe,Subscribe & Save order placed. 4 items ₹1650.,subscribe@amazon.in,EXPENSE
Swiggy Genie,Swiggy Genie delivery completed. Charges: ₹59 via wallet.,noreply@swiggy.com,EXPENSE
Boat warranty,Extended warranty for Boat Airdopes. ₹249 via card.,orders@boat-lifestyle.com,EXPENSE
Samsung repair,Samsung service center charge ₹3200 for screen repair.,service@samsung.com,EXPENSE
LensDen,LensDen contact lens order confirmed. ₹980 shipped in 2 days.,orders@lensden.com,EXPENSE
DTDC,DTDC courier charges ₹150 for domestic parcel shipment.,noreply@dtdc.com,EXPENSE
BigBasket membership,BigBasket BB Star annual membership activated. ₹299.,membership@bigbasket.com,EXPENSE
Park+,Parking fee ₹75 via Park+ at Select Citywalk mall.,payments@parkplus.io,EXPENSE
EaseMyTrip,EaseMyTrip bus ticket booked. Delhi to Jaipur. ₹680.,bookings@easemytrip.in,EXPENSE
Noise watch,Noise ColorFit Pro 5 order confirmed. ₹2999 via PhonePe.,orders@gonoise.com,EXPENSE
Byju's,Byju's subscription renewed. Monthly charge: ₹1599.,billing@byjus.com,EXPENSE
IndiaMART,IndiaMART lead purchase ₹4000 processed.,billing@indiamart.com,EXPENSE
WazirX,Bought 0.003 BTC for ₹15000 on WazirX. Fee: ₹45.,noreply@wazirx.com,EXPENSE
Angel One,Brokerage ₹25 charged for F&O trade. Contract note attached.,trades@angelone.in,EXPENSE
ICICI locker,Annual locker rental ₹4000 debited from ICICI account.,charges@icicibank.com,EXPENSE
Passport fee,Passport application fee ₹1500 paid online. ID: PA-2026-890.,receipts@passportindia.gov.in,EXPENSE
MakeMyTrip cab,MakeMyTrip outstation cab booked. Delhi to Agra. ₹4200.,cabs@makemytrip.com,EXPENSE
Apollo 247,Teleconsultation payment ₹350 for Dr. Patel on Apollo 247.,billing@apollo247.com,EXPENSE
Udaan,Udaan wholesale order for supplies shipped. Total ₹7500.,orders@udaan.com,EXPENSE
Country Delight,Country Delight monthly milk bill: ₹980 auto-deducted.,billing@countrydelight.in,EXPENSE
IRCTC food,IRCTC e-catering order confirmed. Delivery at Kanpur station. ₹290.,ecatering@irctc.co.in,EXPENSE
Zomato Gold,Zomato Gold membership renewed 3 months. ₹250 to card.,membership@zomato.com,EXPENSE
Oyo booking,Oyo booking at Hotel Lake View 1 night confirmed. ₹1500.,bookings@oyorooms.com,EXPENSE
HealthifyMe,HealthifyMe Pro subscription renewed. ₹349/month.,billing@healthifyme.com,EXPENSE
Zerodha AMC,Zerodha demat AMC ₹250 for annual maintenance charged.,charges@zerodha.com,EXPENSE
Aquaguard,Aquaguard annual maintenance ₹2200 debited from account.,service@eureka-forbes.com,EXPENSE
TDS,TDS of ₹1200 deducted on FD interest for Q4 FY26.,tds@sbi.co.in,EXPENSE
Driving license,Driving license renewal fee ₹500 paid online. ID: DL-2026-890.,receipts@parivahan.gov.in,EXPENSE
BookMyShow event,BookMyShow booking for concert. 2 tickets ₹2200 each. Total: ₹4400.,events@bookmyshow.com,EXPENSE
Urban Company,Salon at home service payment ₹950 via Urban Company.,noreply@urbancompany.com,EXPENSE
Property tax,Municipal corporation property tax ₹7200 for FY 2026-27 confirmed.,receipts@mcgm.gov.in,EXPENSE
Bike service,Royal Enfield service center bill: ₹2800 for 10000km service.,service@royalenfield.com,EXPENSE
Unacademy,Unacademy Plus subscription renewed. ₹999/month.,billing@unacademy.com,EXPENSE
Restaurant bill,Payment of ₹1200 made at Barbeque Nation via UPI.,payment@upi.com,EXPENSE
Grocery store,DMart purchase of ₹850 paid via debit card.,store@dmart.in,EXPENSE
Petrol pump,Fuel purchase at IOCL pump: 10 litres ₹1100 via card.,receipt@iocl.com,EXPENSE
Medical store,Pharmacy bill ₹420 paid at local chemist.,billing@chemist.com,EXPENSE
Clothing store,H&M purchase ₹1899 paid via credit card.,orders@hm.com,EXPENSE
Electronics store,Croma purchase ₹6500 for headphones via EMI.,orders@croma.com,EXPENSE
Online course,Udemy course 'Advanced Python' purchased for ₹1299.,noreply@udemy.com,EXPENSE
Software license,Microsoft Office 365 annual subscription ₹5299 renewed.,billing@microsoft.com,EXPENSE
Cloud storage,Google Cloud storage bill $15.50 for March.,billing@google.com,EXPENSE
Web hosting,Bluehost hosting bill ₹450 for March due April 15.,billing@bluehost.com,EXPENSE
Domain name,Domain newdomain.com registered for ₹799 for 1 year.,billing@namecheap.com,EXPENSE
SSL certificate,SSL certificate renewed for ₹1299/year.,billing@godaddy.com,EXPENSE
Email marketing,Mailchimp monthly plan ₹950 charged to card.,billing@mailchimp.com,EXPENSE
Project management,Asana Premium subscription ₹450/month charged.,billing@asana.com,EXPENSE
Video conferencing,Zoom Pro subscription ₹1200/month charged.,billing@zoom.us,EXPENSE
Design tool,Canva Pro subscription ₹499/month charged.,billing@canva.com,EXPENSE
Stock photos,Shutterstock subscription ₹899/month charged.,billing@shutterstock.com,EXPENSE
Music streaming,YouTube Music Premium ₹129/month charged.,billing@youtube.com,EXPENSE
Cloud backup,Backblaze backup subscription ₹550/month charged.,billing@backblaze.com,EXPENSE
VPN service,NordVPN subscription ₹850/year charged.,billing@nordvpn.com,EXPENSE
Password manager,1Password subscription ₹280/month charged.,billing@1password.com,EXPENSE
Development tool,GitHub Copilot subscription ₹750/month charged.,billing@github.com,EXPENSE
API service,OpenAI API usage $42.00 for March.,billing@openai.com,EXPENSE
Database service,MongoDB Atlas bill $28.50 for March.,billing@mongodb.com,EXPENSE
CDN service,Cloudflare bill $12.00 for March usage.,billing@cloudflare.com,EXPENSE
Analytics tool,Google Analytics 360 subscription ₹15000/month.,billing@analytics.com,EXPENSE
Marketing automation,HubSpot subscription ₹12000/month charged.,billing@hubspot.com,EXPENSE
CRM software,Salesforce subscription ₹8500/month charged.,billing@salesforce.com,EXPENSE
HR software,Zoho People subscription ₹3500/month charged.,billing@zoho.com,EXPENSE
Accounting,QuickBooks subscription ₹1800/month charged.,billing@quickbooks.com,EXPENSE
Legal software,DocuSign subscription ₹2500/month charged.,billing@docusign.com,EXPENSE
Team communication,Slack subscription ₹780/month per user charged.,billing@slack.com,EXPENSE
File storage,Dropbox Business subscription ₹1200/month charged.,billing@dropbox.com,EXPENSE
Video editing,Adobe Premiere Pro subscription ₹2200/month charged.,billing@adobe.com,EXPENSE
Photo editing,Adobe Lightroom subscription ₹950/month charged.,billing@adobe.com,EXPENSE
Graphic design,Adobe Illustrator subscription ₹1800/month charged.,billing@adobe.com,EXPENSE
Prototyping tool,Figma Professional subscription ₹1200/month charged.,billing@figma.com,EXPENSE
Code editor,JetBrains PhpStorm subscription ₹1500/month charged.,billing@jetbrains.com,EXPENSE
Database tool,DataGrip subscription ₹950/month charged.,billing@jetbrains.com,EXPENSE
Version control,GitHub Enterprise subscription $25/user/month.,billing@github.com,EXPENSE
CI/CD,GitLab Premium subscription $19/user/month.,billing@gitlab.com,EXPENSE
Container registry,Docker Hub Pro subscription $5/month charged.,billing@docker.com,EXPENSE
Kubernetes,AWS EKS bill $45.00 for March cluster usage.,billing@aws.amazon.com,EXPENSE
Serverless,AWS Lambda bill $22.50 for March usage.,billing@aws.amazon.com,EXPENSE
Database AWS,AWS RDS bill $35.00 for March.,billing@aws.amazon.com,EXPENSE
Storage AWS,AWS S3 bill $18.00 for March storage.,billing@aws.amazon.com,EXPENSE
CDN AWS,AWS CloudFront bill $8.50 for March bandwidth.,billing@aws.amazon.com,EXPENSE
Monitoring,Datadog subscription ₹4500/month charged.,billing@datadoghq.com,EXPENSE
Logging,Loggly subscription ₹2800/month charged.,billing@loggly.com,EXPENSE
APM,New Relic subscription ₹6500/month charged.,billing@newrelic.com,EXPENSE
Error tracking,Sentry subscription ₹1800/month charged.,billing@sentry.io,EXPENSE
Security scan,Snyk subscription ₹3500/month charged.,billing@snyk.io,EXPENSE
Code review,SonarCloud subscription ₹2200/month charged.,billing@sonarsource.com,EXPENSE
Testing,BrowserStack subscription ₹4200/month charged.,billing@browserstack.com,EXPENSE
Mobile testing,TestFairy subscription ₹1800/month charged.,billing@testfairy.com,EXPENSE
Performance,WebPageTest subscription ₹950/month charged.,billing@webpagetest.org,EXPENSE
SEO tools,SEMrush subscription ₹8500/month charged.,billing@semrush.com,EXPENSE
Email tools,Mailgun subscription ₹1200/month charged.,billing@mailgun.com,EXPENSE
SMS,Twilio subscription ₹2500/month charged.,billing@twilio.com,EXPENSE
Push notifications,OneSignal subscription ₹950/month charged.,billing@onesignal.com,EXPENSE
Chat widget,Intercom subscription ₹4500/month charged.,billing@intercom.com,EXPENSE
Help desk,Zendesk subscription ₹3800/month charged.,billing@zendesk.com,EXPENSE
Customer support,Freshdesk subscription ₹3200/month charged.,billing@freshdesk.com,EXPENSE
Survey tool,Typeform subscription ₹950/month charged.,billing@typeform.com,EXPENSE
Forms,Google Forms workspace subscription ₹1200/month.,billing@google.com,EXPENSE
Spreadsheets,Google Sheets workspace subscription ₹1200/month.,billing@google.com,EXPENSE
Documents,Google Docs workspace subscription ₹1200/month.,billing@google.com,EXPENSE
Presentations,Google Slides workspace subscription ₹1200/month.,billing@google.com,EXPENSE
Cloud office,Microsoft 365 Business Premium ₹850/user/month.,billing@microsoft.com,EXPENSE
Email provider,Google Workspace Business ₹680/user/month.,billing@google.com,EXPENSE
Cloud office,Zoho Workplace ₹350/user/month.,billing@zoho.com,EXPENSE
HR,BambooHR subscription ₹4500/month charged.,billing@bamboohr.com,EXPENSE
Recruitment,Greenhouse subscription ₹8500/month charged.,billing@greenhouse.io,EXPENSE
Performance,Lattice subscription ₹3200/month charged.,billing@lattice.com,EXPENSE
Training,Udemy Business subscription ₹1800/user/month.,billing@udemy.com,EXPENSE
Learning,Coursera for Business ₹850/user/month.,billing@coursera.com,EXPENSE
Development,Pluralsight subscription ₹1200/user/month.,billing@pluralsight.com,EXPENSE
Design,Skillshare subscription ₹350/user/month.,billing@skillshare.com,EXPENSE
Books,Scribd subscription ₹350/month charged.,billing@scribd.com,EXPENSE
Audiobooks,Audible subscription ₹650/month charged.,billing@audible.com,EXPENSE
Magazines,Readly subscription ₹450/month charged.,billing@readly.com,EXPENSE
News,The New York Times subscription ₹650/month charged.,billing@nytimes.com,EXPENSE
Finance app,YNAB subscription ₹450/month charged.,billing@ynab.com,EXPENSE
Investment,Robinhood Gold subscription ₹350/month charged.,billing@robinhood.com,EXPENSE
Trading,StockTwits Premium subscription ₹250/month charged.,billing@stocktwits.com,EXPENSE
Crypto,Coinbase One subscription ₹950/month charged.,billing@coinbase.com,EXPENSE
Tax,TurboTax subscription ₹650/season charged.,billing@turbotax.com,EXPENSE
Accounting,Xero subscription ₹1200/month charged.,billing@xero.com,EXPENSE
Invoice,FreshBooks subscription ₹450/month charged.,billing@freshbooks.com,EXPENSE
Payments,Stripe account fees 2.9% + ₹30 per transaction.,billing@stripe.com,EXPENSE
E-commerce,Shopify subscription ₹1800/month charged.,billing@shopify.com,EXPENSE
Marketing,Klaviyo subscription ₹950/month charged.,billing@klaviyo.com,EXPENSE
Social media,Hootsuite subscription ₹3800/month charged.,billing@hootsuite.com,EXPENSE
Social media,Buffer subscription ₹950/month charged.,billing@buffer.com,EXPENSE
Social media,Sprout Social subscription ₹8500/month charged.,billing@sproutsocial.com,EXPENSE
Analytics,Mixpanel subscription ₹8500/month charged.,billing@mixpanel.com,EXPENSE
Analytics,Amplitude subscription ₹6500/month charged.,billing@amplitude.com,EXPENSE
Analytics,Heap subscription ₹4500/month charged.,billing@heapanalytics.com,EXPENSE
A/B testing,Optimizely subscription ₹12000/month charged.,billing@optimizely.com,EXPENSE
Personalization,Dynamic Yield subscription ₹18000/month.,billing@dynamicyield.com,EXPENSE
Email deliverability,SendGrid subscription ₹2500/month charged.,billing@sendgrid.com,EXPENSE
Email marketing,Campaign Monitor subscription ₹1200/month.,billing@campaignmonitor.com,EXPENSE
Marketing automation,ActiveCampaign subscription ₹2500/month.,billing@activecampaign.com,EXPENSE
Landing pages,Unbounce subscription ₹1200/month charged.,billing@unbounce.com,EXPENSE
Forms,Typeform subscription ₹950/month charged.,billing@typeform.com,EXPENSE
Surveys,SurveyMonkey subscription ₹850/month charged.,billing@surveymonkey.com,EXPENSE
Feedback,Hotjar subscription ₹1200/month charged.,billing@hotjar.com,EXPENSE
User testing,UserTesting subscription ₹9500/month charged.,billing@usertesting.com,EXPENSE
Accessibility,Axe DevTools subscription ₹950/month.,billing@deque.com,EXPENSE
SEO,Ahrefs subscription ₹9500/month charged.,billing@ahrefs.com,EXPENSE
SEO,Moz Pro subscription ₹6500/month charged.,billing@moz.com,EXPENSE
Content,BuzzStream subscription ₹2500/month charged.,billing@buzzstream.com,EXPENSE
PR,Cision subscription ₹18000/month charged.,billing@cision.com,EXPENSE
Social listening,Brandwatch subscription ₹35000/month.,billing@brandwatch.com,EXPENSE
Influencer,AspireIQ subscription ₹12000/month.,billing@aspireiq.com,EXPENSE
Affiliate,Impact subscription ₹8500/month charged.,billing@impact.com,EXPENSE
Referral,ReferralCandy subscription ₹950/month.,billing@referralcandy.com,EXPENSE
Loyalty,Smile.io subscription ₹850/month charged.,billing@smile.io,EXPENSE
Reviews,Yotpo subscription ₹3200/month charged.,billing@yotpo.com,EXPENSE
UGC,TINT subscription ₹2500/month charged.,billing@tint.com,EXPENSE
Live chat,LiveChat subscription ₹1200/month charged.,billing@livechat.com,EXPENSE
Chatbot,Intercom subscription ₹4500/month charged.,billing@intercom.com,EXPENSE
Help center,HelpScout subscription ₹2500/month.,billing@helpscout.com,EXPENSE
Knowledge base,Notion subscription ₹800/user/month.,billing@notion.so,EXPENSE
Documentation,GitBook subscription ₹1800/month.,billing@gitbook.com,EXPENSE
Project mgmt,Monday.com subscription ₹650/user/month.,billing@monday.com,EXPENSE
Project mgmt,ClickUp subscription ₹450/user/month.,billing@clickup.com,EXPENSE
Project mgmt,Smartsheet subscription ₹950/user/month.,billing@smartsheet.com,EXPENSE
Project mgmt,Wrike subscription ₹1200/user/month.,billing@wrike.com,EXPENSE
Task mgmt,Todoist Business subscription ₹450/user/month.,billing@todoist.com,EXPENSE
Notes,Evernote Business subscription ₹950/user/month.,billing@evernote.com,EXPENSE
Whiteboard,Miro subscription ₹1200/user/month.,billing@miro.com,EXPENSE
Whiteboard,Mural subscription ₹950/user/month.,billing@mural.co,EXPENSE
Diagram,Lucidchart subscription ₹950/user/month.,billing@lucidchart.com,EXPENSE
Mind mapping,MindMeister subscription ₹850/month.,billing@mindmeister.com,EXPENSE
Wireframing,Balsamiq subscription ₹650/month.,billing@balsamiq.com,EXPENSE
Prototyping,InVision subscription ₹850/month.,billing@invisionapp.com,EXPENSE
Design handoff,Zeplin subscription ₹650/month.,billing@zeplin.com,EXPENSE
Design system,Abstract subscription ₹650/user/month.,billing@abstract.com,EXPENSE
Version control,Figma subscription ₹1200/month charged.,billing@figma.com,EXPENSE
Code review,CodeSandbox subscription ₹850/month.,billing@codesandbox.io,EXPENSE
IDE,Replit subscription ₹850/month.,billing@replit.com,EXPENSE
Cloud IDE,Gitpod subscription ₹950/user/month.,billing@gitpod.io,EXPENSE
Database,Supabase subscription $25/month.,billing@supabase.com,EXPENSE
Database,PlanetScale subscription $29/month.,billing@planetscale.com,EXPENSE
Database,Neon database bill $15.00 for March.,billing@neon.tech,EXPENSE
Backend,Firebase Spark plan free tier usage exceeded.,billing@firebase.com,EXPENSE
Backend,AWS AppSync bill $18.50 for March.,billing@aws.amazon.com,EXPENSE
API gateway,Kong Enterprise subscription ₹45000/month.,billing@konghq.com,EXPENSE
API mgmt,Postman subscription ₹950/user/month.,billing@postman.com,EXPENSE
Testing,Postman API testing subscription ₹950/month.,billing@postman.com,EXPENSE
Documentation,SwaggerHub subscription ₹450/month.,billing@swaggerhub.com,EXPENSE
Monitoring,Grafana Cloud subscription ₹8500/month.,billing@grafana.com,EXPENSE
Metrics,InfluxDB Cloud subscription ₹5500/month.,billing@influxdata.com,EXPENSE
Logging,Logz.io subscription ₹12000/month.,billing@logz.io,EXPENSE
Tracing,Jaeger Cloud subscription ₹8500/month.,billing@jaegertracing.io,EXPENSE
APM,Dynatrace subscription ₹85000/month.,billing@dynatrace.com,EXPENSE
Security,Snyk Enterprise subscription ₹35000/month.,billing@snyk.io,EXPENSE
Security,SonarQube Enterprise subscription ₹45000/month.,billing@sonarsource.com,EXPENSE
Security,Veracode subscription ₹95000/month.,billing@veracode.com,EXPENSE
Security,WhiteSource subscription ₹25000/month.,billing@whitesourcesoftware.com,EXPENSE
Container security,Aqua Security subscription ₹18000/month.,billing@aquasec.com,EXPENSE
Cloud security,Orca Security subscription ₹25000/month.,billing@orca.security,EXPENSE
Compliance,Vanta subscription ₹35000/month.,billing@vanta.com,EXPENSE
Compliance,Drata subscription ₹28000/month.,billing@drata.com,EXPENSE
Compliance,Secureframe subscription ₹22000/month.,billing@secureframe.com,EXPENSE
Compliance,Tugboat Logic subscription ₹18000/month.,billing@tugboatlogic.com,EXPENSE
Identity,Okta subscription ₹2500/user/month.,billing@okta.com,EXPENSE
Identity,Auth0 subscription ₹4500/month.,billing@auth0.com,EXPENSE
Identity,OneLogin subscription ₹3200/month.,billing@onelogin.com,EXPENSE
Identity,JumpCloud subscription ₹2500/month.,billing@jumpcloud.com,EXPENSE
SSO,Ping Identity subscription ₹8500/month.,billing@pingidentity.com,EXPENSE
MFA,Duo Security subscription ₹8500/month.,billing@duo.com,EXPENSE
Access mgmt,BeyondTrust subscription ₹12000/month.,billing@beyondtrust.com,EXPENSE
Privileged access,CyberArk subscription ₹45000/month.,billing@cyberark.com,EXPENSE
Secrets mgmt,HashiCorp Vault subscription ₹15000/month.,billing@hashicorp.com,EXPENSE
Container registry,Harbor subscription ₹8500/month.,billing@goharbor.io,EXPENSE
CI/CD,Jenkins X subscription ₹12000/month.,billing@jenkins.io,EXPENSE
CI/CD,CircleCI subscription ₹8500/month.,billing@circleci.com,EXPENSE
CI/CD,Travis CI subscription ₹6500/month.,billing@travis-ci.com,EXPENSE
CI/CD,Codeship subscription ₹4500/month.,billing@codeship.com,EXPENSE
CI/CD,Buildkite subscription ₹6500/month.,billing@buildkite.com,EXPENSE
CI/CD,Semaphore subscription ₹4500/month.,billing@semaphoreci.com,EXPENSE
CI/CD,Heroku CI subscription ₹3500/month.,billing@heroku.com,EXPENSE
PaaS,Heroku subscription ₹4500/month for dyno usage.,billing@heroku.com,EXPENSE
PaaS,Render subscription ₹2500/month.,billing@render.com,EXPENSE
PaaS,Railway subscription ₹1800/month.,billing@railway.app,EXPENSE
PaaS,Fly.io subscription ₹950/month.,billing@fly.io,EXPENSE
PaaS,DigitalOcean App Platform ₹1800/month.,billing@digitalocean.com,EXPENSE
PaaS,Google Cloud Run bill $45.00 for March.,billing@google.com,EXPENSE
PaaS,AWS Elastic Beanstalk bill $35.00.,billing@aws.amazon.com,EXPENSE
PaaS,Azure App Service bill $42.00 for March.,billing@microsoft.com,EXPENSE
Serverless,Vercel Pro subscription ₹1200/month.,billing@vercel.com,EXPENSE
Serverless,Netlify Pro subscription ₹950/month.,billing@netlify.com,EXPENSE
Serverless,Cloudflare Workers subscription ₹850/month.,billing@cloudflare.com,EXPENSE
Edge,Fastly subscription ₹8500/month.,billing@fastly.com,EXPENSE
CDN,Akamai subscription ₹35000/month.,billing@akamai.com,EXPENSE
CDN,CloudFront subscription AWS bill included.,billing@aws.amazon.com,EXPENSE
DNS,Cloudflare DNS subscription ₹850/month.,billing@cloudflare.com,EXPENSE
DNS,AWS Route 53 bill $8.50 for March.,billing@aws.amazon.com,EXPENSE
Load balancer,AWS ALB bill $15.00 for March.,billing@aws.amazon.com,EXPENSE
Load balancer,NGINX Ingress Controller subscription ₹2500/month.,billing@nginx.com,EXPENSE
API gateway,Kong Cloud subscription ₹8500/month.,billing@konghq.com,EXPENSE
Service mesh,Istio subscription ₹12000/month.,billing@istio.io,EXPENSE
Observability,Grafana subscription ₹4500/month.,billing@grafana.com,EXPENSE
Observability,Prometheus subscription ₹2500/month.,billing@prometheus.io,EXPENSE
Observability,Thanos subscription ₹4500/month.,billing@thanos.io,EXPENSE
Observability,VictoriaMetrics subscription ₹2500/month.,billing@victoriametrics.com,EXPENSE
Logging,ELK Stack subscription ₹8500/month.,billing@elastic.co,EXPENSE
Logging,Splunk subscription ₹45000/month.,billing@splunk.com,EXPENSE
Logging,Logstash subscription ₹2500/month.,billing@elastic.co,EXPENSE
SIEM,CrowdStrike subscription ₹45000/month.,billing@crowdstrike.com,EXPENSE
SIEM,Splunk SIEM subscription ₹65000/month.,billing@splunk.com,EXPENSE
SIEM,LogRhythm subscription ₹35000/month.,billing@logrhythm.com,EXPENSE
EDR,Carbon Black subscription ₹25000/month.,billing@carbonblack.com,EXPENSE
EDR,SentinelOne subscription ₹35000/month.,billing@sentinelone.com,EXPENSE
EDR,Cylance subscription ₹28000/month.,billing@cylance.com,EXPENSE
Antivirus,Symantec Endpoint subscription ₹25000/month.,billing@symantec.com,EXPENSE
Antivirus,McAfee Enterprise subscription ₹22000/month.,billing@mcafee.com,EXPENSE
Antivirus,Kaspersky Enterprise subscription ₹18000/month.,billing@kaspersky.com,EXPENSE
Firewall,Palo Alto Networks subscription ₹65000/month.,billing@paloaltonetworks.com,EXPENSE
Firewall,Fortinet subscription ₹45000/month.,billing@fortinet.com,EXPENSE
Firewall,Check Point subscription ₹55000/month.,billing@checkpoint.com,EXPENSE
VPN,NordVPN Business subscription ₹1200/user/month.,billing@nordvpn.com,EXPENSE
VPN,ExpressVPN Business subscription ₹1500/user/month.,billing@expressvpn.com,EXPENSE
VPN,Surfshark Business subscription ₹950/user/month.,billing@surfshark.com,EXPENSE
ZTNA,Cloudflare Access subscription ₹2500/month.,billing@cloudflare.com,EXPENSE
ZTNA,Twingate subscription ₹3500/month.,billing@twingate.com,EXPENSE
ZTNA,Tailscale Business subscription ₹8500/month.,billing@tailscale.com,EXPENSE
SASE,Cato Networks subscription ₹18000/month.,billing@catonetworks.com,EXPENSE
SASE,Versa Networks subscription ₹22000/month.,billing@versanetworks.com,EXPENSE
SASE,Cisco SASE subscription ₹45000/month.,billing@cisco.com,EXPENSE
DLP,Forcepoint DLP subscription ₹35000/month.,billing@forcepoint.com,EXPENSE
DLP,Symantec DLP subscription ₹45000/month.,billing@symantec.com,EXPENSE
CASB,McAfee MVISION subscription ₹32000/month.,billing@mcafee.com,EXPENSE
CASB,Microsoft Defender for Cloud Apps subscription included.,billing@microsoft.com,EXPENSE
Email security,Mimecast subscription ₹25000/month.,billing@mimecast.com,EXPENSE
Email security,Barracuda subscription ₹18000/month.,billing@barracuda.com,EXPENSE
Email security,Proofpoint subscription ₹35000/month.,billing@proofpoint.com,EXPENSE
Email security,Abnormal Security subscription ₹28000/month.,billing@abnormal.com,EXPENSE
Threat intel,Recorded Future subscription ₹45000/month.,billing@recordedfuture.com,EXPENSE
Threat intel,ThreatConnect subscription ₹25000/month.,billing@threatconnect.com,EXPENSE
Threat intel,Flashpoint subscription ₹35000/month.,billing@flashpoint.io,EXPENSE
Vulnerability mgmt,Tenable subscription ₹32000/month.,billing@tenable.com,EXPENSE
Vulnerability mgmt,Rapid7 subscription ₹28000/month.,billing@rapid7.com,EXPENSE
Vulnerability mgmt,Qualys subscription ₹35000/month.,billing@qualys.com,EXPENSE
Penetration testing,Cobalt subscription ₹18000/month.,billing@cobalt.io,EXPENSE
Penetration testing,HackerOne subscription ₹25000/month.,billing@hackerone.com,EXPENSE
Penetration testing,Bugcrowd subscription ₹22000/month.,billing@bugcrowd.com,EXPENSE
Weekly newsletter: AI trends,"This week in AI: New breakthroughs, research papers, and industry updates.",newsletter@aiweekly.com,NOT_EXPENSE
Your order has shipped,Your Amazon order #345-678901 has been shipped. Track your package.,shipping@amazon.in,NOT_EXPENSE
Welcome to our platform,Welcome! Complete your profile to get started with our service.,welcome@platform.com,NOT_EXPENSE
Password reset request,Someone requested a password reset for your account. Was this you?,security@app.com,NOT_EXPENSE
New feature launch,We've launched a new feature! Watch our video tutorial to learn more.,product@company.com,NOT_EXPENSE
Survey invitation,Help us improve! Take our 2-minute survey about your experience.,survey@feedback.com,NOT_EXPENSE
Webinar reminder tomorrow,Don't forget! Join our webinar tomorrow at 3 PM IST.,events@webinar.com,NOT_EXPENSE
Your subscription is active,Your free subscription is active. Upgrade to premium for more features.,info@service.com,NOT_EXPENSE
New blog post,New article: '10 Productivity Hacks' is now live. Read it now.,blog@company.com,NOT_EXPENSE
Email verification needed,Please verify your email address to continue using our service.,verify@app.com,NOT_EXPENSE
Job alert: 3 new matches,"Based on your profile, we found 3 job openings that match your skills.",jobs@careers.com,NOT_EXPENSE
System maintenance,Scheduled maintenance on Sunday 2-4 AM. Services may be unavailable.,admin@platform.com,NOT_EXPENSE
Weekly digest,"Top 5 stories this week: Technology, Business, and more.",digest@news.com,NOT_EXPENSE
Profile viewed,Your LinkedIn profile was viewed by 8 recruiters this week.,notifications@linkedin.com,NOT_EXPENSE
New follower,You have a new follower! Check out their profile.,notification@social.com,NOT_EXPENSE
Weekly activity summary,Here's your weekly activity summary on our platform.,summary@service.com,NOT_EXPENSE
Town hall invitation,Join us for the Q1 company town hall this Friday at 4 PM.,events@company.com,NOT_EXPENSE
Free course available,Enroll in our free course: 'Introduction to AI'. Limited spots!,courses@learning.com,NOT_EXPENSE
Thank you for feedback,Thank you for your feedback! We've incorporated your suggestions.,support@service.com,NOT_EXPENSE
New podcast episode,New episode: 'The Future of Work' is now available.,podcast@studio.com,NOT_EXPENSE
Update preferences,Manage your email preferences. Choose which updates you want.,preferences@mailer.com,NOT_EXPENSE
Holiday greetings,Wishing you and your family a happy holiday season!,greetings@company.com,NOT_EXPENSE
Beta program invite,Join our exclusive beta program and get early access to new features.,beta@product.com,NOT_EXPENSE
Security alert,We detected a new login to your account from a new device.,security@platform.com,NOT_EXPENSE
Monthly report ready,Your monthly report is ready to download.,reports@analytics.com,NOT_EXPENSE
Guidelines updated,We've updated our community guidelines. Please review.,policy@platform.com,NOT_EXPENSE
New product announcement,Introducing our latest product! Learn more about its features.,launch@company.com,NOT_EXPENSE
Meeting scheduled,Your meeting with the sales team is scheduled for Tuesday at 2 PM.,calendar@company.com,NOT_EXPENSE
Account expiration,Your account will expire in 30 days. Renew to continue.,billing@service.com,NOT_EXPENSE
You were mentioned,Someone mentioned you in a comment. Click to view.,notification@platform.com,NOT_EXPENSE
Weekly goals update,Here's your weekly goals progress. You're on track!,goals@productivity.com,NOT_EXPENSE
Badge earned,Congratulations! You've earned the 'Early Adopter' badge.,achievements@platform.com,NOT_EXPENSE
Support ticket resolved,Your support ticket #12345 has been resolved.,support@company.com,NOT_EXPENSE
Team event invitation,You're invited to our team building event next Friday.,events@company.com,NOT_EXPENSE
Data export ready,Your data export request is complete. Download before it expires.,data@platform.com,NOT_EXPENSE
Dark mode available,Dark mode is now available! Update your settings.,product@company.com,NOT_EXPENSE
Quarterly newsletter,Q1 Newsletter: Top highlights and updates from our team.,newsletter@company.com,NOT_EXPENSE
Subscription expiring,Your subscription expires in 7 days. Renew to continue.,renewal@service.com,NOT_EXPENSE
Weekly challenge,This week's challenge: Complete 5 tasks. Win rewards!,challenges@platform.com,NOT_EXPENSE
API docs updated,We've updated our API documentation with new endpoints.,docs@developer.com,NOT_EXPENSE
You're trending,Your post is trending! 500+ views in the last hour.,notification@platform.com,NOT_EXPENSE
Learning path recommended,"Based on your interests, we recommend the 'Data Science' path.",recommendations@learning.com,NOT_EXPENSE
Free trial extension,We've extended your free trial by 7 days. Enjoy!,promo@service.com,NOT_EXPENSE
Forum answer,Your question on our forum has been answered by an expert.,forum@community.com,NOT_EXPENSE
Connection request,You have a new connection request on our professional network.,network@platform.com,NOT_EXPENSE
Weekly leaderboard,Check out this week's top performers. Are you on the list?,leaderboard@platform.com,NOT_EXPENSE
Price drop alert,An item in your wishlist is now 20% off. Limited time!,deals@shopping.com,NOT_EXPENSE
Conference registration,Register for our annual conference. Early bird discounts available.,events@conference.com,NOT_EXPENSE
Session saved,Your work session was automatically saved. No data lost.,system@productivity.com,NOT_EXPENSE
New templates,We've added 5 new templates to help you work faster.,templates@productivity.com,NOT_EXPENSE
Achievement unlocked,You've unlocked a new achievement: '100 Day Streak'!,achievements@platform.com,NOT_EXPENSE
Monthly summary,Your monthly activity summary is ready. View your progress.,summary@platform.com,NOT_EXPENSE
Featured content,Your work has been featured in our 'Spotlight' section.,editorial@platform.com,NOT_EXPENSE
Collaboration tools,Explore our new collaboration features for teams.,product@company.com,NOT_EXPENSE
Feedback appreciated,"Thanks to your feedback, we've improved our service.",product@company.com,NOT_EXPENSE
Webinar series,Join our 3-part webinar series on industry trends.,webinars@learning.com,NOT_EXPENSE
Storage full warning,Your cloud storage is 90% full. Upgrade for more space.,storage@cloud.com,NOT_EXPENSE
App update,Version 2.5 is now available. Download for new features.,app@company.com,NOT_EXPENSE
Winning streak,You've won 5 challenges in a row! Keep it up.,challenges@platform.com,NOT_EXPENSE
User group meetup,Join our local user group meetup this Saturday.,meetups@community.com,NOT_EXPENSE
Content shared,Your insights were shared in our weekly newsletter.,newsletter@platform.com,NOT_EXPENSE
New integrations,We've added integration with popular apps. Connect now.,integrations@platform.com,NOT_EXPENSE
Open source contribution,Your contribution to our open source project has been appreciated.,opensource@company.com,NOT_EXPENSE
Goals completed,Congratulations! You've completed all your weekly goals.,goals@productivity.com,NOT_EXPENSE
Learning resources,We've added 20 new tutorials to our learning center.,learning@education.com,NOT_EXPENSE
Profile complete,Your profile is now 100% complete. You're all set!,onboarding@platform.com,NOT_EXPENSE
Security tips,Read our latest article on security best practices.,security@platform.com,NOT_EXPENSE
Milestone reached,Congratulations! You've completed 100 tasks on our platform.,milestones@platform.com,NOT_EXPENSE
Feature request,Thank you for your feature request! We've added it to our roadmap.,feedback@company.com,NOT_EXPENSE
Community digest,Top community posts this week. Join the conversation!,digest@community.com,NOT_EXPENSE
Subscription active,Your annual subscription is active until December 2026.,subscription@service.com,NOT_EXPENSE
Research paper,Our team published a new research paper on AI ethics.,research@company.com,NOT_EXPENSE
Beta testing invite,Be among the first to test our new features. Join the beta.,beta@product.com,NOT_EXPENSE
Workspace created,Your new workspace has been created. Start collaborating.,workspace@platform.com,NOT_EXPENSE
Productivity tips,Here are 5 tips to boost your productivity this week.,tips@productivity.com,NOT_EXPENSE
New podcast,Episode 42: 'Building Great Teams' is now available.,podcast@studio.com,NOT_EXPENSE
Forum featured,Your question on our Q&A forum has been featured.,forum@community.com,NOT_EXPENSE
First contribution,Congratulations on your first contribution to our community!,achievements@platform.com,NOT_EXPENSE
Real-time features,We've launched real-time collaboration. Work together!,product@company.com,NOT_EXPENSE
Progress report,View your monthly progress report with detailed analytics.,reports@platform.com,NOT_EXPENSE
Challenge winner,Congratulations! You're this week's challenge winner.,challenges@platform.com,NOT_EXPENSE
Tool integrations,"We've added integration with Slack, Teams, and Zoom.",integrations@platform.com,NOT_EXPENSE
Feedback impact,Your feedback led to 3 new features in our latest update.,product@company.com,NOT_EXPENSE
Virtual meetup,Join our virtual meetup this Thursday. Topic: Industry Trends.,events@community.com,NOT_EXPENSE
Content viral,Your content has been shared 100+ times this week.,viral@platform.com,NOT_EXPENSE
Advanced learning,We've launched an advanced learning path for experienced users.,learning@education.com,NOT_EXPENSE
Streak continues,You're on a 30-day streak! Keep the momentum going.,streak@platform.com,NOT_EXPENSE
Community guidelines,We've updated our community guidelines. Please review.,policy@community.com,NOT_EXPENSE
Subscription renewal,Your subscription will automatically renew on April 1.,billing@service.com,NOT_EXPENSE
Community helper,You've earned the 'Community Helper' badge. Wear it!,achievements@platform.com,NOT_EXPENSE
Dark mode launch,We've launched dark mode across all our apps. Update now!,launch@company.com,NOT_EXPENSE
Workspace settings,Review and update your workspace settings for collaboration.,settings@platform.com,NOT_EXPENSE
Top creators,Meet our top creators this week. Get inspired!,digest@community.com,NOT_EXPENSE
API endpoints,We've added 10 new API endpoints to our developer portal.,docs@developer.com,NOT_EXPENSE
Account security,Review your account security settings. 2FA recommended.,security@platform.com,NOT_EXPENSE
Recommended posts,Our algorithm recommends checking out these trending posts.,recommendations@platform.com,NOT_EXPENSE
Templates library,Browse our expanded templates library with 50+ designs.,templates@productivity.com,NOT_EXPENSE
Weekly achievements,Here are your achievements for this week. Great job!,achievements@platform.com,NOT_EXPENSE
Cloud partnerships,We've partnered with leading cloud providers. Integrate now!,partnerships@company.com,NOT_EXPENSE
Content performance,Your content has performed 20% better this week.,analytics@platform.com,NOT_EXPENSE
Community event,Join our monthly community showcase. Present your work!,events@community.com,NOT_EXPENSE
Subscription benefits,Explore all benefits included in your subscription.,benefits@service.com,NOT_EXPENSE
Creative challenge,This week's creative challenge: Design a logo. Submit now!,challenges@platform.com,NOT_EXPENSE
Voice notes,You can now add voice notes to your projects. Try it out!,product@company.com,NOT_EXPENSE
Network growing,You've gained 25 new followers this week. Expand your reach!,network@platform.com,NOT_EXPENSE
Research publication,Our research team published a paper on machine learning.,research@company.com,NOT_EXPENSE
Privacy settings,Review and update your privacy settings. Your data matters.,privacy@platform.com,NOT_EXPENSE
Innovation digest,This week's focus: Innovation in tech. Read the latest.,newsletter@techweekly.com,NOT_EXPENSE
Team building,Join our virtual team building session on Friday at 5 PM.,events@company.com,NOT_EXPENSE
New badge available,New badge unlocked: 'Problem Solver'. Check your achievements.,achievements@platform.com,NOT_EXPENSE
Feature spotlight,This month's feature spotlight: Advanced search capabilities.,product@company.com,NOT_EXPENSE
Community spotlight,Meet our top contributors this month. Thank you for your impact!,digest@community.com,NOT_EXPENSE
Tips and tricks,5 tips to get the most out of our platform this week.,tips@productivity.com,NOT_EXPENSE
User stories,Read how our users are solving problems with our platform.,stories@company.com,NOT_EXPENSE
Event recap,Here's a recap of last week's virtual meetup. Watch now!,events@community.com,NOT_EXPENSE
Integration guides,New integration guides available for Salesforce and HubSpot.,docs@developer.com,NOT_EXPENSE
Weekly digest: Product,"Product updates, new features, and what's coming next.",digest@product.com,NOT_EXPENSE
Beta access granted,You've been granted early access to our beta program. Start testing!,beta@product.com,NOT_EXPENSE
Community guidelines,Please review our updated community guidelines before posting.,policy@community.com,NOT_EXPENSE
Feature roadmap,See what's coming next on our product roadmap.,roadmap@company.com,NOT_EXPENSE
User feedback,Your recent feedback has helped us improve our platform. Thank you!,feedback@company.com,NOT_EXPENSE
Learning path updated,We've updated our 'Data Science' learning path with new content.,learning@education.com,NOT_EXPENSE
Weekly challenge: Creative,This week's creative challenge: Share your workspace setup.,challenges@platform.com,NOT_EXPENSE
New integration: Zapier,Connect our platform with Zapier to automate your workflows.,integrations@platform.com,NOT_EXPENSE
Achievement leaderboard,Check the monthly achievement leaderboard. Are you on top?,leaderboard@platform.com,NOT_EXPENSE
Security update,We've enhanced our security measures. Review your account settings.,security@platform.com,NOT_EXPENSE
Community poll,Vote on our latest community poll: What feature do you want next?,poll@community.com,NOT_EXPENSE
Weekly recap,Your weekly activity recap is ready. See what you accomplished!,summary@platform.com,NOT_EXPENSE
New templates: Business,We've added 10 new business templates to our library.,templates@productivity.com,NOT_EXPENSE
Feature tutorial,New tutorial: How to use our advanced search feature.,tutorials@company.com,NOT_EXPENSE
Community shoutout,Special shoutout to our top 10 contributors this month!,digest@community.com,NOT_EXPENSE
Product update: v2.6,Version 2.6 is now live! See what's new and improved.,updates@company.com,NOT_EXPENSE
Weekly goals tracker,Your weekly goals are on track. Keep up the great work!,goals@productivity.com,NOT_EXPENSE
Learning milestone,Congratulations on completing 10 courses this month!,achievements@platform.com,NOT_EXPENSE
Integration success,You've successfully integrated with 5 new tools!,integrations@platform.com,NOT_EXPENSE
Content recommendation,"Based on your interests, we recommend these articles.",recommendations@content.com,NOT_EXPENSE
Weekly challenge winner,Congratulations to last week's challenge winner: @johndoe!,challenges@platform.com,NOT_EXPENSE
Feature request implemented,The feature you requested is now live! Thank you for your input.,feedback@company.com,NOT_EXPENSE
Community guidelines reminder,Friendly reminder: Please follow our community guidelines.,policy@community.com,NOT_EXPENSE
Weekly insights,Here are your weekly insights and performance metrics.,analytics@platform.com,NOT_EXPENSE
New badge: Innovator,New badge available: Innovator. Awarded for creative contributions.,achievements@platform.com,NOT_EXPENSE
Product roadmap update,We've updated our product roadmap with new features for Q2.,roadmap@company.com,NOT_EXPENSE
Learning path: Advanced,New advanced learning path: Machine Learning for Developers.,learning@education.com,NOT_EXPENSE
Community event: Workshop,Join our virtual workshop on 'Best Practices' this Thursday.,events@community.com,NOT_EXPENSE
Integration guide,New guide: How to integrate with our REST API.,docs@developer.com,NOT_EXPENSE
Weekly digest: Updates,"This week's updates: Bug fixes, performance improvements, more.",digest@updates.com,NOT_EXPENSE
Feature beta testing,Help us test our new feature! Sign up for beta access.,beta@product.com,NOT_EXPENSE
User spotlight,This week's user spotlight: @janedoe and her amazing project.,digest@community.com,NOT_EXPENSE
Weekly challenge: Design,This week's design challenge: Create a stunning banner.,challenges@platform.com,NOT_EXPENSE
New integration: Notion,We've added integration with Notion. Connect your workspace!,integrations@platform.com,NOT_EXPENSE
Achievement unlocked: Mentor,You've unlocked the 'Mentor' achievement. Help 10 more users!,achievements@platform.com,NOT_EXPENSE
Security best practices,New article: 5 security best practices for your account.,security@platform.com,NOT_EXPENSE
Community poll results,Results from our latest poll: What's next for our platform?,poll@community.com,NOT_EXPENSE
Weekly recap: Highlights,"Your weekly recap highlights: 5 tasks completed, 2 badges earned.",summary@platform.com,NOT_EXPENSE
New templates: Design,We've added 15 new design templates to our library.,templates@productivity.com,NOT_EXPENSE
Feature tutorial video,New video tutorial: Mastering our advanced features.,tutorials@company.com,NOT_EXPENSE
Community milestones,"Our community has reached 100,000 members! Thank you all!",digest@community.com,NOT_EXPENSE
Product update: v2.7,Version 2.7 is live! See what's new and improved.,updates@company.com,NOT_EXPENSE
Weekly goals celebration,You've exceeded your weekly goals! Keep it up!,goals@productivity.com,NOT_EXPENSE
Learning milestone: 50 courses,Congratulations on completing 50 courses! You're a learning champion!,achievements@platform.com,NOT_EXPENSE
Integration milestone,You've integrated with 10+ tools. Impressive!,integrations@platform.com,NOT_EXPENSE
Content recommendation,"Trending content this week: AI, Productivity, and Design.",recommendations@content.com,NOT_EXPENSE
Weekly challenge leaderboard,Top 10 on this week's challenge leaderboard. Are you there?,challenges@platform.com,NOT_EXPENSE
Feature request status,Your feature request is now 'In Progress'. We'll keep you updated!,feedback@company.com,NOT_EXPENSE
Community guidelines FAQ,New FAQ section added to our community guidelines.,policy@community.com,NOT_EXPENSE
Weekly insights: Growth,Your weekly insights: 15% increase in engagement!,analytics@platform.com,NOT_EXPENSE
New badge: Leader,New badge available: Leader. Awarded for community leadership.,achievements@platform.com,NOT_EXPENSE
Product roadmap: Q2,Q2 product roadmap is now available. See what's coming!,roadmap@company.com,NOT_EXPENSE
Learning path: Expert,New expert-level learning path: Advanced AI Concepts.,learning@education.com,NOT_EXPENSE
Community event: Hackathon,Join our virtual hackathon this weekend. Theme: AI for Good.,events@community.com,NOT_EXPENSE
Integration guide: Webhooks,New guide: Setting up webhooks for real-time updates.,docs@developer.com,NOT_EXPENSE
Weekly digest: Announcements,"This week's announcements: New features, events, and more.",digest@announcements.com,NOT_EXPENSE
Feature beta: AI assistant,Try our new AI assistant beta. Give us your feedback!,beta@product.com,NOT_EXPENSE
User spotlight: Innovators,This week's spotlight: Our most innovative users and their projects.,digest@community.com,NOT_EXPENSE
Weekly challenge: AI,This week's challenge: Create something with our new AI features.,challenges@platform.com,NOT_EXPENSE
New integration: Trello,We've added integration with Trello. Manage your tasks!,integrations@platform.com,NOT_EXPENSE
Achievement unlocked: Visionary,You've unlocked the 'Visionary' achievement. Predict the future!,achievements@platform.com,NOT_EXPENSE
Security audit complete,Our latest security audit is complete. Your data is safe.,security@platform.com,NOT_EXPENSE
Community poll: Features,New poll: Which feature should we build next? Vote now!,poll@community.com,NOT_EXPENSE
Weekly recap: Achievements,"Your weekly recap: 3 new badges, 2 integrations, 100% goals.",summary@platform.com,NOT_EXPENSE
New templates: Marketing,We've added 20 new marketing templates to our library.,templates@productivity.com,NOT_EXPENSE
Feature tutorial: Automation,New tutorial: Automating your workflows with our tools.,tutorials@company.com,NOT_EXPENSE
Community celebration,Celebrating our community's 1-year anniversary! Here's to many more!,digest@community.com,NOT_EXPENSE
Product update: v2.8,Version 2.8 is now live! Major performance improvements.,updates@company.com,NOT_EXPENSE
Weekly goals: Perfect,You've achieved a perfect 100% on your weekly goals!,goals@productivity.com,NOT_EXPENSE
Learning milestone: 100 courses,Congratulations on completing 100 courses! Learning legend!,achievements@platform.com,NOT_EXPENSE
Integration milestone: 20 tools,You've integrated with 20+ tools. Integration master!,integrations@platform.com,NOT_EXPENSE
Content recommendation: Viral,Trending viral content: Top 10 posts this week.,recommendations@content.com,NOT_EXPENSE
Weekly challenge: Collaboration,This week's challenge: Collaborate with another user.,challenges@platform.com,NOT_EXPENSE
Feature request: Delivered,Great news! Your feature request is now live. Enjoy!,feedback@company.com,NOT_EXPENSE
Community guidelines: Update,We've updated our community guidelines with new policies.,policy@community.com,NOT_EXPENSE
Weekly insights: Engagement,Your weekly insights: 25% increase in community engagement.,analytics@platform.com,NOT_EXPENSE
New badge: Champion,New badge available: Champion. Awarded to top performers.,achievements@platform.com,NOT_EXPENSE
Product roadmap: Q3,Q3 product roadmap is now available. Exciting things coming!,roadmap@company.com,NOT_EXPENSE
Learning path: Specialist,New specialist learning path: Cloud Architecture.,learning@education.com,NOT_EXPENSE
Community event: Conference,Join our virtual conference next month. Keynote speakers announced!,events@community.com,NOT_EXPENSE
Integration guide: Mobile SDK,New guide: Using our Mobile SDK for iOS and Android.,docs@developer.com,NOT_EXPENSE
Weekly digest: Success stories,This week's success stories: How users are achieving their goals.,digest@success.com,NOT_EXPENSE
Feature beta: Dark mode,Dark mode beta is now available for testing. Give it a try!,beta@product.com,NOT_EXPENSE
User spotlight: Rising stars,This week's spotlight: Our rising stars in the community.,digest@community.com,NOT_EXPENSE
